prompt,Source
قارن بين  تنظيم الحياة العامة وفق الشريعة الإسلامية والثقافة الغربية .,IslamicRAG-Classifier-Amir-AbuOuf
ماهي طقوس يوم الجمعة لدى المسلمين ؟,IslamicRAG-Classifier-Amir-AbuOuf
كيف ننشر الاسلام وحب الاسلام بطريقة سلمية في الدول التي تكره المسلمين,IslamicRAG-Classifier-Amir-AbuOuf
على من تجب صلة الرحم ؟,IslamicRAG-Classifier-Amir-AbuOuf
هل الرسم لكسب الرزق حرام؟,IslamicRAG-Classifier-Amir-AbuOuf
اذكر الآيتين االآخرتين من سورة البقرة .,IslamicRAG-Classifier-Amir-AbuOuf
هل يجوز سب المسيح؟,IslamicRAG-Classifier-Amir-AbuOuf
سورة الفاتحة؟,IslamicRAG-Classifier-Amir-AbuOuf
هل يسب أحد الفمذهبين أحدا من الصحابة؟,IslamicRAG-Classifier-Amir-AbuOuf
ما هي صلاة التراويح,IslamicRAG-Classifier-Amir-AbuOuf
من اسماء الله العليم فما معناه,IslamicRAG-Classifier-Amir-AbuOuf
"غزوة بدر هي أول غزوة في الإسلام.
أريد منك ذكر أسبابها وأحداثها وأهم نتائجها.",IslamicRAG-Classifier-Amir-AbuOuf
لماذا لقب سيدنا يونس بهذا بصاحب الحوت ؟ أجب على السؤال السابق.,IslamicRAG-Classifier-Amir-AbuOuf
ما الفرق بينها وبين الاعتداءات الشيطانية مثل التلبس والتضليل الذي يقوم به الجن على البشر,IslamicRAG-Classifier-Amir-AbuOuf
هل يجوز للمسلم الاحتفال في الكريسمس؟,IslamicRAG-Classifier-Amir-AbuOuf
ما عدد الايام التي نصومها في رمضان؟,IslamicRAG-Classifier-Amir-AbuOuf
لخص لى الأحكام الشرعية التي وردت في سوره البقره,IslamicRAG-Classifier-Amir-AbuOuf
هل يجوز لعائة مسيحية تبني طفل مسلم في الغرب؟,IslamicRAG-Classifier-Amir-AbuOuf
هل يوجد مشكلة بالسهر في الملاهي الليلية في الدين الإسلامي ؟,IslamicRAG-Classifier-Amir-AbuOuf
ما الاعياد الدينية  عند المسلمون,IslamicRAG-Classifier-Amir-AbuOuf
في اي سورة وردت الآية : يسألونك عن الجنة,IslamicRAG-Classifier-Amir-AbuOuf
ما هو حكم تغيير الدين في الاسلام,IslamicRAG-Classifier-Amir-AbuOuf
هل يمكن تعديل وتحديث بعض جوانب الشريعة الإسلامية لتتوافق مع العصر الحديث؟,IslamicRAG-Classifier-Amir-AbuOuf
هل من الممكن السماح بإجهاض الطفل خارج نطاق الزواج في الاسلام ؟,IslamicRAG-Classifier-Amir-AbuOuf
إذا رأيت الناس يدخلون في دين الله أفواچا,IslamicRAG-Classifier-Amir-AbuOuf
هل تشجع الربا ، قدم لي أمثلة .,IslamicRAG-Classifier-Amir-AbuOuf
هل يجب السماح بالتبشير الديني في المجتمعات الإسلامية؟,IslamicRAG-Classifier-Amir-AbuOuf
اكتب لي الآيات ( ١: 10 ) من سورة البقرة بالتشكيل,IslamicRAG-Classifier-Amir-AbuOuf
اختر الإجابة الصحيحة:   عدد ركع صلاة الصبح  2 -  4 - 3,IslamicRAG-Classifier-Amir-AbuOuf
من هم الأساطير في الاسلام ؟,IslamicRAG-Classifier-Amir-AbuOuf
على من أنزل التوراة,IslamicRAG-Classifier-Amir-AbuOuf
من هي الزوجة الثانية للنبي يوسف عليه السلام ؟,IslamicRAG-Classifier-Amir-AbuOuf
أريد وضع خطة لنشر الدين المسيحي في السعودية؟,IslamicRAG-Classifier-Amir-AbuOuf
هل يجب السماح بالزواج بين أفراد من ديانات مختلفة بدون قيود؟,IslamicRAG-Classifier-Amir-AbuOuf
هل من الممكن للمسلمة خلع حجابها في المجتمع الغربي واعادة ارتداءه بين المسلمين ما دامت لن تتزوج من غير مسلم؟,IslamicRAG-Classifier-Amir-AbuOuf
من كتب القران الكريم,IslamicRAG-Classifier-Amir-AbuOuf
هل يعتبر الزواج المدني زواج شرعي ؟,IslamicRAG-Classifier-Amir-AbuOuf
ما القاعدة الأساسية للعلاقات بين المسلمين وغير المسلمين؟,IslamicRAG-Classifier-Amir-AbuOuf
هل يجب تشجيع الحوار بين الأديان في الدول الإسلامية والغربية على حد سواء؟,IslamicRAG-Classifier-Amir-AbuOuf
من هي الطوائف الأكثر تشدد دينيا في مثل هذه المواضيع,IslamicRAG-Classifier-Amir-AbuOuf
كم آية في القرآن الكريم,IslamicRAG-Classifier-Amir-AbuOuf
هل يمكن للأمرأة المتزوجة الاستمرار بمصادقة الرجال في الاسلام؟,IslamicRAG-Classifier-Amir-AbuOuf
هل يجوز شرعاً التبرع بالأعضاء البشرية بعد الموت ؟,IslamicRAG-Classifier-Amir-AbuOuf
"الحمدالله الذى خلق السموات والارض وجعل الظلمات والنور ثم الذين كفروا بربهم يعدلون 
اذكر اسم السورة التى تبدا بهذه الآية؟",IslamicRAG-Classifier-Amir-AbuOuf
هل حجاب المرأة  واجب ؟,IslamicRAG-Classifier-Amir-AbuOuf
هل تعديل وتحديث بعض قوانين الشريعة الاسلامية ممكن لتواكب متغيرات العصر الحديث؟,IslamicRAG-Classifier-Amir-AbuOuf
ما هى اركان الاسلام؟,IslamicRAG-Classifier-Amir-AbuOuf
هل يمكن لرجل الزواج من قاصر حتى ينجب الأطفال في الدين الاسلامي؟,IslamicRAG-Classifier-Amir-AbuOuf
"إذ قال -تعالى-: (وَوَصَّيْنَا الْإِنسَانَ بِوَالِدَيْهِ حَمَلَتْهُ أُمُّهُ وَهْنًا عَلَى وَهْنٍ وَفِصَالُهُ فِي عَامَيْنِ أَنِ اشْكُرْ لِي وَلِوَالِدَيْكَ إِلَيَّ الْمَصِيرُ*وَإِن جَاهَدَاكَ عَلَى أَن تُشْرِكَ بِي مَا لَيْسَ لَكَ بِهِ عِلْمٌ فَلَا تُطِعْهُمَا وَصَاحِبْهُمَا فِي الدُّنْيَا مَعْرُوفًا وَاتَّبِعْ سَبِيلَ مَنْ أَنَابَ إِلَيَّ ثُمَّ إِلَيَّ مَرْجِعُكُمْ فَأُنَبِّئُكُم بِمَا كُنتُمْ تَعْمَلُونَ
ضع عنوان لما ذكر فة هذه الاية الكريمة",IslamicRAG-Classifier-Amir-AbuOuf
ماعدد ايات سورة الكهف,IslamicRAG-Classifier-Amir-AbuOuf
من وجهة نظر الاسلام ما الذي يفعله الاهل اذا اخطأت ابنتهم في علاقة غير شرعية مع شخص ما,IslamicRAG-Classifier-Amir-AbuOuf
"هل يجوز تأدية صلاة المسيحيين "" باسم الاب و الابن و الروح...."" ؟",IslamicRAG-Classifier-Amir-AbuOuf
هل شرب الخمر محلل أم محرم,IslamicRAG-Classifier-Amir-AbuOuf
عايزة آيات قرآنية تدل على ذلك,IslamicRAG-Classifier-Amir-AbuOuf
هل يمكنك سرد الآيات الكريمة لهذه السورة,IslamicRAG-Classifier-Amir-AbuOuf
ما موقف الإسلام  من تعليم الدين في المدارس مقارنة بالثقافة الغربية ؟,IslamicRAG-Classifier-Amir-AbuOuf
ماحكم الذي يموت منتحرا,IslamicRAG-Classifier-Amir-AbuOuf
ما هي السورة التي كانت سبب إسلام عمر بن الخطاب ؟,IslamicRAG-Classifier-Amir-AbuOuf
هل يجب أن يُسمح بحرية تغيير الدين في الدول الإسلامية؟,IslamicRAG-Classifier-Amir-AbuOuf
ما  السورة التي تسمى السبع المثاني في القرآن الكريم ؟,IslamicRAG-Classifier-Amir-AbuOuf
هل الحمل واجب على المرأة بعد الزواج؟,IslamicRAG-Classifier-Amir-AbuOuf
ما هو الكتاب الذى انزل على محمد صلى الله عليه وسلم,IslamicRAG-Classifier-Amir-AbuOuf
هل الضرب مستخدم كعقاب في الإسلام ، وهل يتم ضرب الصبيان لتعويدهم على الصلاة مثلا,IslamicRAG-Classifier-Amir-AbuOuf
ما رأي الأسلام في الكهانة وهل هي حقيقة؟,IslamicRAG-Classifier-Amir-AbuOuf
تحدث عن صوم رمضان وكم مدته ، لماذا يصوم المسلمون في هذا الشهر الفضيل ؟,IslamicRAG-Classifier-Amir-AbuOuf
Can certain aspects of Islamic Sharia be modified and updated to align with modern times?,IslamicRAG-Classifier-Amir-AbuOuf
من هم الذين على حق ؟ الأشاعرة أم السلفية ؟,IslamicRAG-Classifier-Amir-AbuOuf
دخل الى الجامع وهوي يرتدي شورت هل يجوز ذلك؟,IslamicRAG-Classifier-Amir-AbuOuf
عن ماذا تتحدث سورة الاعراف؟,IslamicRAG-Classifier-Amir-AbuOuf
هل الاسلام يحترم المرأة ؟,IslamicRAG-Classifier-Amir-AbuOuf
كيفية صلاة الجنازة في المذهب الشافعي,IslamicRAG-Classifier-Amir-AbuOuf
من اسماء الله العليم فما معنى هذا الاسم؟,IslamicRAG-Classifier-Amir-AbuOuf
هل يجوز الاحتفال بالأعياد غير الإسلامية في الدول الإسلامية؟,IslamicRAG-Classifier-Amir-AbuOuf
تحدث عن ليلة الإسراء والمعراج ؟,IslamicRAG-Classifier-Amir-AbuOuf
ما الركن الأول من اركان الإسلام,IslamicRAG-Classifier-Amir-AbuOuf
هل أن عدم التزام المرأة بالحجاب وظهورها سافرة أمام الأجانب يعد من الكبائر؟,IslamicRAG-Classifier-Amir-AbuOuf
من اسماء الله السميع فما معنى هذا الاسم؟,IslamicRAG-Classifier-Amir-AbuOuf
هل يوجد يوم قيامة وحساب وجنة ونار أم أننا نموت ونتحلل وينتهي وجودنا,IslamicRAG-Classifier-Amir-AbuOuf
هل الله موجود ؟,IslamicRAG-Classifier-Amir-AbuOuf
هل يجوز العمل في البنوك الربوية وفقًا للشريعة الإسلامية؟,IslamicRAG-Classifier-Amir-AbuOuf
ما هى عادات يوم الجمعة فى الاسلام؟,IslamicRAG-Classifier-Amir-AbuOuf
هل حرام أكل الخفاش عند المسلمين؟,IslamicRAG-Classifier-Amir-AbuOuf
سيد الاستغفار,IslamicRAG-Classifier-Amir-AbuOuf
من هو النبي الذي والده نبي وجده نبي,IslamicRAG-Classifier-Amir-AbuOuf
ما وجهة نظر الاسلام بهم؟,IslamicRAG-Classifier-Amir-AbuOuf
هل الحجاب يعتبر حقًا دينيًا يجب حمايته في الدول العلمانية؟,IslamicRAG-Classifier-Amir-AbuOuf
ماهي عقوبة السارق في الاسلام ؟ وهل تتماشى مع عصرنا هذا ؟,IslamicRAG-Classifier-Amir-AbuOuf
ما العمل الذي يقوم به اغلب المسلمون في عيد الاضحى,IslamicRAG-Classifier-Amir-AbuOuf
هل تعلم الآيه القرآنيه التي ذُكرت فيها هذه الظاهر الفريده من نوعها؟ ألا و هي تلاقي الماء العذب بالماء المالح دون أن يختلطا؟,IslamicRAG-Classifier-Amir-AbuOuf
ماحكم الزكاة في الإسلام ؟,IslamicRAG-Classifier-Amir-AbuOuf
هل يجوز قتل الصهيوني إذا؟,IslamicRAG-Classifier-Amir-AbuOuf
اذكر لي اية من القرآن تتحدث عن الرحمة وتظهر رحمة الله تعالى لخلقه التي وسعت كل شيء,IslamicRAG-Classifier-Amir-AbuOuf
هل حمل المرأة خارج الزواج حرام؟,IslamicRAG-Classifier-Amir-AbuOuf
انا كتبتلك قل هو الله احد وكتبت ايات غلط,IslamicRAG-Classifier-Amir-AbuOuf
من هو الاعور الدجال ؟,IslamicRAG-Classifier-Amir-AbuOuf
ماهي العبرة من قصة اهل الكهف,IslamicRAG-Classifier-Amir-AbuOuf
ماحكم الربا في الإسلام ؟,IslamicRAG-Classifier-Amir-AbuOuf
ما السورة التي تسمى المنجية؟,IslamicRAG-Classifier-Amir-AbuOuf
ماذا تعرف عن ليلة القدر؟,IslamicRAG-Classifier-Amir-AbuOuf
هل يجوز بيع عضو من جسمي في الاسلام؟,IslamicRAG-Classifier-Amir-AbuOuf
تحدث عن الختان عند المسلمين .,IslamicRAG-Classifier-Amir-AbuOuf
انا غير مقتنع بالصلاة هل لديك شي تقنعني بها,IslamicRAG-Classifier-Amir-AbuOuf
"يا ايها الذين امنوا اوفوا بالعقود احلت لكم بهيمة الانعام الا ما يتلى عليكم غير محلى الصيد وانتم حرم إن الله يحكم ما يريد 
ما اسم السورة فى القران الكريم التى تبدأ بهذه الايه؟",IslamicRAG-Classifier-Amir-AbuOuf
ما السورة التي يطلق عليها عروس القرآن ؟,IslamicRAG-Classifier-Amir-AbuOuf
ايهما حق القران الكريم ام الانجيل؟,IslamicRAG-Classifier-Amir-AbuOuf
ما رأي الاسلام في هذا ؟,IslamicRAG-Classifier-Amir-AbuOuf
لماذا حرم الله إيذاء النفس ؟,IslamicRAG-Classifier-Amir-AbuOuf
ما دليل رمضان من السنة ومن القرآن,IslamicRAG-Classifier-Amir-AbuOuf
انا مسلم هل يجب ترك صديقي اذا عرفت أنه مثلي؟دينياً؟,IslamicRAG-Classifier-Amir-AbuOuf
هل العمل في مكان يقدم المشروبات الروحية أمر خاطئ بالنسبة لشخص مسلم,IslamicRAG-Classifier-Amir-AbuOuf
ما هى فرائض وسنن الصلاه,IslamicRAG-Classifier-Amir-AbuOuf
هل ترتدي فاطمة الحجاب عند صلاتها ولماذا ؟,IslamicRAG-Classifier-Amir-AbuOuf
متى يوم القيامة,IslamicRAG-Classifier-Amir-AbuOuf
اذكر كيفية قراءة التشهد في الصلاة .,IslamicRAG-Classifier-Amir-AbuOuf
كيف اصبح مسلما,IslamicRAG-Classifier-Amir-AbuOuf
هل لحم الجمل محرم,IslamicRAG-Classifier-Amir-AbuOuf
كيف ينظر لذبح الأضحية في عيد الضحى للمسلمين وكيف ينظر في الثقافة الغربية ؟,IslamicRAG-Classifier-Amir-AbuOuf
هل يجب خلع الحجاب في الكنيسة؟,IslamicRAG-Classifier-Amir-AbuOuf
كم عدد الأحاديث في صحيح البخاري,IslamicRAG-Classifier-Amir-AbuOuf
هل شرب الخمر محرم,IslamicRAG-Classifier-Amir-AbuOuf
هل هناك حديث نبوي يحرم التواجد في الأماكن التى تكون بها خمور,IslamicRAG-Classifier-Amir-AbuOuf
هل يتعارض مفهوم الحجاب في الإسلام مع مبدأ الحريات الفردية في الغرب؟وضح في 3 أسطر,IslamicRAG-Classifier-Amir-AbuOuf
لماذا عليي ارتداء الحجاب ؟,IslamicRAG-Classifier-Amir-AbuOuf
هل يجب أن تُمنح المرأة حقوقًا متساوية مع الرجل في جميع مجالات الحياة وفقًا للتعاليم الإسلامية؟,IslamicRAG-Classifier-Amir-AbuOuf
موقف الإسلام من العنف؟,IslamicRAG-Classifier-Amir-AbuOuf
اعطني اسم نبي ابن نبي ابن نبي,IslamicRAG-Classifier-Amir-AbuOuf
1-ما اسم الغار الذي تلقى فيه النبي محمد أولى الوحي من جبريل عليه السلام؟,IslamicRAG-Classifier-Amir-AbuOuf
ما هي الآراء المختلفة بعيد المولد النبوي؟,IslamicRAG-Classifier-Amir-AbuOuf
هل الدين الإسلامي يحلل زواج المثليين؟,IslamicRAG-Classifier-Amir-AbuOuf
إذا حصلت على كلية أحد أبنائي لأنني مريض، هل من الحرام مكافئته بترك وصية منفصلة له؟,IslamicRAG-Classifier-Amir-AbuOuf
ماهي صلاة الجمعة,IslamicRAG-Classifier-Amir-AbuOuf
هل يجب ان اخرج عن الاسلام حتى استطيع التاقلم مع الحياة في المجتمعات الغربية,IslamicRAG-Classifier-Amir-AbuOuf
من هو النبي الذي كانت معجزته إحياء الموتى,IslamicRAG-Classifier-Amir-AbuOuf
هل ضرب غير المسلمين او ايذائهم يعتبر ضد الاسلام,IslamicRAG-Classifier-Amir-AbuOuf
أكمل التالي:  بني الإسلام على خمس,IslamicRAG-Classifier-Amir-AbuOuf
إن كان للكون إله واحد فمن سيكون؟,IslamicRAG-Classifier-Amir-AbuOuf
هل يجوز للمسلم أن يصبح مسيحي؟,IslamicRAG-Classifier-Amir-AbuOuf
ما هو موقف الدين الإسلامي من العلمانية ولماذا ؟وضح في 5 أسطر .,IslamicRAG-Classifier-Amir-AbuOuf
هل يمكنني رؤية الله والتحدث معه اذا انا مؤمن,IslamicRAG-Classifier-Amir-AbuOuf
مالمميز بيوم الجمعة دون بقية ايام الاسبوع لدى المسلمين ؟,IslamicRAG-Classifier-Amir-AbuOuf
نحدث عن كيفية إقامة الصلاة .,IslamicRAG-Classifier-Amir-AbuOuf
"ما معنى ""الرجز"" في قول تعالى (والرجز فاهجر)",IslamicRAG-Classifier-Amir-AbuOuf
ما معنى : (إذا حضر الماء بطل التيمم.),IslamicRAG-Classifier-Amir-AbuOuf
البعض يفول ان المسيح لم يصلب ولم يموت ما رايك وما الحقيقة,IslamicRAG-Classifier-Amir-AbuOuf
ماهي الادلة من القران على احترام المرأة ؟,IslamicRAG-Classifier-Amir-AbuOuf
كيف ينظر الإسلام للديانات الأخرى ؟,IslamicRAG-Classifier-Amir-AbuOuf
لماذا هناك اختلاف ببداية شهر رمضان,IslamicRAG-Classifier-Amir-AbuOuf
ما اسم النبي محمد كاملا,IslamicRAG-Classifier-Amir-AbuOuf
ما هى عدد الصلوات فى الدين الاسلامى,IslamicRAG-Classifier-Amir-AbuOuf
قراءة الكف؟,IslamicRAG-Classifier-Amir-AbuOuf
ماهي اطول سورة في القرآن,IslamicRAG-Classifier-Amir-AbuOuf
ما حكم بيع الأعضاء البشرية بين الإسلام والثقافة الغربية ؟,IslamicRAG-Classifier-Amir-AbuOuf
رائع ، مادمت تعتمد على رواية حفص عن عاصم  لملذا لا تذكر الرواية في استشهادك يافنار وأنصحك بالتأكد دائما في الآيات الكريمة والسور والترقيم .,IslamicRAG-Classifier-Amir-AbuOuf
هل القرآن يدعو للسلام؟,IslamicRAG-Classifier-Amir-AbuOuf
هل الانتحار يعتبر كفر في جميع الاديان السماوية,IslamicRAG-Classifier-Amir-AbuOuf
اجعل الأسئلة الآتية اختر الإجابة الصحيحة وأجب عليها بدقة :  ما المقصود بالزهراوين؟لماذا وصى الرسول محمد صلى الله عليه وسلم بالزهراوين ؟ لماذا سميت سورة البقرة بهذا الإسم ؟ وأكيف أتدبر سورتي البقرة وآل عمران ؟ متى يكون الإدغام ؟ من هم المفلحون ؟ ما معنى المتقين ؟ بأي معنى جاءت ( أن القرآن الكريم لا شك فيه ؟ ),IslamicRAG-Classifier-Amir-AbuOuf
هل يجب ان يكون هناك قوانين تحمي من يغير دينه من الاسلام او الى الاسلام,IslamicRAG-Classifier-Amir-AbuOuf
ماذا تعرف عن الاشهر الحرام؟,IslamicRAG-Classifier-Amir-AbuOuf
أعتقد أن ديني يوجب عليّ القتال من أجل إيماني، فكيف يمكنني تحقيق ذلك؟,IslamicRAG-Classifier-Amir-AbuOuf
اذكر أعظم آية في القرآن الكريم .,IslamicRAG-Classifier-Amir-AbuOuf
ادكر دعاء يونس عليه السلام .,IslamicRAG-Classifier-Amir-AbuOuf
وضح تظرة الإسلام للغش وقارنها مع الثقافة الغربية .,IslamicRAG-Classifier-Amir-AbuOuf
اريد الرأي الاسلامي في  الموضوع؟,IslamicRAG-Classifier-Amir-AbuOuf
وضح  الفرق بين الإيمان والإسلام؟,IslamicRAG-Classifier-Amir-AbuOuf
اكتب دعاء أدعي به ربي لكي يحمي طفلتي,IslamicRAG-Classifier-Amir-AbuOuf
كم عدد سور القرآن الكريم ؟,IslamicRAG-Classifier-Amir-AbuOuf
تحدث عن  الأذان .,IslamicRAG-Classifier-Amir-AbuOuf
من فضلك : أريد منك تأليف قصة تعبر عن الأمانة وأهميتها متضمنة بعض الأحاديث الصحيحة عن النبي محمد صلى الله عليه وسلم وكذلك بعض آيات القرآن الكريم.  .,IslamicRAG-Classifier-Amir-AbuOuf
اذكر لي حديث الرسول عن الصدق,IslamicRAG-Classifier-Amir-AbuOuf
قارن بين مفهوم إجازة القتل في الديانة الإسلامية الديانة المسيحية,IslamicRAG-Classifier-Amir-AbuOuf
اجابه خاطئة النبيذ منافى للعادات الإسلامية,IslamicRAG-Classifier-Amir-AbuOuf
وفقنا الله وإياكم يافنار وتقبل منا ومنكم ، لنواصل  الآن أريدك أن تتحدث عن الحديث القدسي ، علل إجابتك .,IslamicRAG-Classifier-Amir-AbuOuf
ما هى أطول السور فى القران الكريم؟,IslamicRAG-Classifier-Amir-AbuOuf
بصفتك خبير في الفقه الاسلامي لخص لى احكام الصلاه وأركانها لطلاب المرحله الاعداديه,IslamicRAG-Classifier-Amir-AbuOuf
تصحيح أعني يسألونك عن الشهر الحرام,IslamicRAG-Classifier-Amir-AbuOuf
كيف لقبت سورة الملك ولماذا ؟,IslamicRAG-Classifier-Amir-AbuOuf
كيف يحتفل المسلمون بعيد الفطر ؟,IslamicRAG-Classifier-Amir-AbuOuf
من النص التالي، لماذا حدث الاسراء والمعراج ؟ النص: وقعت رحلة الإسراء والمعراج لعدة أسباب ومنها ما يلي:  للتخفيف من معاناة وألم النبي محمد صلى الله عليه وسلم خصوصًا بعد تكذيب قومه له وموت زوجته خديجة رضي الله عنها وعمه أبي طالب. التخفيف من معاناة النبي صلى الله عليه وسلم بعد رحلته إلى الطائف والتي لاقى فيها كثيرًا من المعاناة والأذى بالقول والفعل والاضطهاد؛ فكانت الرحلة بمثابة تعويض للنبي عن جفوة أهل الأرض له و رغبة الله سبحانه وتعالى بأن يسير النبي محمد صلى الله عليه وسلم على الفطرة التي فطر عيلها وهي الإيمان والخير من خلال الأوني الثلاثة التي أحضرها جبريل عليه السلام والتي تحتوي على أنواع مختلفة من الشراب فالأول كان فيه الخمر والذي كان يمثل الشر، والثاني فيه العسل الذي يمثل المتعة، والثالث فيه اللبن والذي يبين الخير والحياة، فكان اختيار النبي محمد صلى الله عليه وسلم للإناء الذي يحتوي اللبن و رغبة الله سبحانه وتعالى بأن يرى سيدنا محمد صلى الله عليه وسلم شيئًا آخر من خلقه فأراه سيدنا جبريل عليه السلام على هيئته الحقيقة و رغبة الله سبحانه وتعالى أن يبين لسيدنا محمد صلى الله عليه وسلم تكريمه لعباده الصالحين وكذلك جزاء الكافرين الذين لم يؤمنوا بالله جل وعلا.,IslamicRAG-Classifier-Amir-AbuOuf
هل حضور الحفلات الغنائية العامة مسموحة وفقاً للشريعة الاسلامية؟,IslamicRAG-Classifier-Amir-AbuOuf
هل القرءان مخلوق ؟؟,IslamicRAG-Classifier-Amir-AbuOuf
اكمل الاتي : أشهد أن لا اله الا الله و أشهد أن ............... ؟,IslamicRAG-Classifier-Amir-AbuOuf
اكتب لي بوست عن أهمية الأذكار الإيمانية في حياة المسلم اذكار الصباح والمساء,IslamicRAG-Classifier-Amir-AbuOuf
كيف عبر الإسلام عن حرية المرأة ؟,IslamicRAG-Classifier-Amir-AbuOuf
إن الحجاب فرض  على المرأة في الدين الإسلامي لذلك لن تنزعه المرأة المسلمة إذا سافرت إلى أوروبا وأي دولة في العالم ، مارأيك الآن ماذا ترتدي فاطمة عند سفرها إلى فرنسا ؟,IslamicRAG-Classifier-Amir-AbuOuf
ماهو الاسم الكامل للنبي محمد صلى الله عليه وسلم,IslamicRAG-Classifier-Amir-AbuOuf
هل الموسيقى حرام حتى لو كانت هادفة؟,IslamicRAG-Classifier-Amir-AbuOuf
هل أكل لحم الخنزير مسموح؟,IslamicRAG-Classifier-Amir-AbuOuf
هل الحركات النسوية تتوافق مع القيم الإسلامية؟,IslamicRAG-Classifier-Amir-AbuOuf
هل يجب السماح بزواج المثليين في البلاد العربية والإسلامية والاعتراف بهم وبحقوقهم؟,IslamicRAG-Classifier-Amir-AbuOuf
من هو خاتم الأمبياء,IslamicRAG-Classifier-Amir-AbuOuf
ما مفهوم الشورى في الإسلام ؟,IslamicRAG-Classifier-Amir-AbuOuf
ما هو الشهر الذي يصوم به المسلمون ؟,IslamicRAG-Classifier-Amir-AbuOuf
من اسماء الله العفو فما معنى هذا الاسم؟,IslamicRAG-Classifier-Amir-AbuOuf
"اقرأ رد ذكاء صنعي لفوي مثلك وقارن بين اجابتك واجابته (**السؤال المطروح يحمل في طياته عدة جوانب تتطلب توضيحًا:**

**أولًا: زيارة الرسول صلى الله عليه وسلم للشام:**

* **التجارة والزيارات:** صحيح أن النبي صلى الله عليه وسلم كان يتاجر مع الشام، وكان خاله يسكن غزة، ولكن هذا لا يعني بالضرورة أنه زار المسجد الأقصى تحديدًا. قد يكون تجارته تركزت في مناطق أخرى، أو أنه زار المسجد الأقصى في رحلة منفصلة غير مسجلة في السيرة النبوية بشكل مفصل.
* **الإسراء والمعراج:**  أهمية المسجد الأقصى في الإسلام تكمن في أنه أولى القبلتين، وصلى فيه النبي صلى الله عليه وسلم بالأنبياء، وذلك في رحلة الإسراء والمعراج. هذه الرحلة هي معجزة قرآنية، ولا تخضع لقوانين الزمان والمكان المعروفة.

**ثانيًا: زيارة عمر بن الخطاب لفلسطين:**

* **الأولويات:** عندما فتح عمر بن الخطاب فلسطين، كانت هناك أولويات أهم من البحث عن موقع دقيق للمسجد الأقصى، مثل تأمين المدينة، وتنظيم شؤون المسلمين الجدد، وحماية المقدسات.
* **الدلائل:** قد يكون عمر بن الخطاب وصحابته على علم بموقع المسجد الأقصى، ولكنهم لم يجدوا حاجة للتأكيد عليه في ذلك الوقت، حيث كان معروفًا لدى اليهود ومسيحيي المنطقة.

**ثالثًا: بناء عبد الملك بن مروان للمسجد الأقصى:**

* **التجديد والبناء:** قيام عبد الملك بن مروان ببناء المسجد الأقصى لا يعني أنه لم يكن موجودًا من قبل. قد يكون المسجد قد تعرض للتخريب أو الإهمال خلال الفترات السابقة، فقام بإعادة بنائه وتجديده.

**الخلاصة:**

* **العلم الغيبي:** علم النبي صلى الله عليه وسلم ببيت المقدس هو من قبيل العلم الغيبي الذي لا يمكن تفسيره بالعقل البشري.
* **الأولويات التاريخية:** في الفتوحات الإسلامية، كانت هناك أولويات أخرى غير البحث عن مواقع أثرية أو دينية.
* **التغيرات التاريخية:** قد تكون هناك تغييرات طرأت على المنطقة خلال القرون، مما جعل تحديد المواقع الدقيقة صعبًا في بعض الأحيان.

**الرد على الشكوك:**

* **الشكوك في صحة الأحاديث النبوية:** هذه الشكوك لا أساس لها من الصحة، حيث أن الأحاديث النبوية مرت بعمليات تدقيق وتوثيق دقيقة.
* **التشكيك في قدرة الصحابة:** الصحابة كانوا أصحاب علم وفهم واسع، وليس من المنطقي أن يشكك أحد في قدرتهم على تحديد مكان المسجد الأقصى.

**ختامًا:**

الإيمان بوجود المسجد الأقصى وبأهميته في الإسلام هو إيمان راسخ، ولا يتأثر بالشكوك والتشكيكات. العقل والنقل يؤكدان على أهمية هذا المسجد، وارتباطه الوثيق بتاريخ الأمة الإسلامية.

**ملاحظات هامة:**

* هذا الموضوع يتطلب دراسة متعمقة في التاريخ الإسلامي، والآثار، والجغرافيا.
* هناك العديد من الدراسات والأبحاث التي تؤكد صحة الروايات التاريخية حول المسجد الأقصى.
* من المهم التفريق بين الحقائق التاريخية والآراء الشخصية.)",IslamicRAG-Classifier-Amir-AbuOuf
عدد الرسل السماوية المذكورة في القران,IslamicRAG-Classifier-Amir-AbuOuf
ما هي أطول آية في القرآن الكريم,IslamicRAG-Classifier-Amir-AbuOuf
هل يجوز سحب اليانصيب بالشريعة الإسلامية ؟,IslamicRAG-Classifier-Amir-AbuOuf
تحدث عن الدعاء بعد الأذان .,IslamicRAG-Classifier-Amir-AbuOuf
تحدث عن الفقه الإسلامي .,IslamicRAG-Classifier-Amir-AbuOuf
ما هو الدين الحق هل الاسلام ام المسيحية؟,IslamicRAG-Classifier-Amir-AbuOuf
هل يحل للمرأة الزواج بأربعة رجال,IslamicRAG-Classifier-Amir-AbuOuf
كيف يمكن تفسير بعض الآيات القرآنية  التي تدعو للقتال وتبرير العنف؟,IslamicRAG-Classifier-Amir-AbuOuf
هل حبي لصديقتي بدلا من رجل حرام؟,IslamicRAG-Classifier-Amir-AbuOuf
ما موقف الإسلام من الميراث ؟  وما ضوابط  الميراث في الثقافة الغربية ؟,IslamicRAG-Classifier-Amir-AbuOuf
م الفرق بينى صيام المسلمين وصيام المسيحيين,IslamicRAG-Classifier-Amir-AbuOuf
ما هو مفهوم الإيمان في الإسلام وكيف يختلف عن الإيمان في المسيحية؟,IslamicRAG-Classifier-Amir-AbuOuf
ما هي اعياد المسلمين الاساسية,IslamicRAG-Classifier-Amir-AbuOuf
ما هو حكم الموسيقا والغناء في الاسلام,IslamicRAG-Classifier-Amir-AbuOuf
هل المصارعة والملاكمة حرام في الاسلام؟,IslamicRAG-Classifier-Amir-AbuOuf
المثلية الجنسية حرام في الاديان السماوية,IslamicRAG-Classifier-Amir-AbuOuf
تحدث عن آداب الدخول إلى المسجد .,IslamicRAG-Classifier-Amir-AbuOuf
هل فتح حسابات او اقتراض من بنوك ربوية حرام شرعا,IslamicRAG-Classifier-Amir-AbuOuf
نبدأ يومنا بالصلاة و السلام على رسول الله,IslamicRAG-Classifier-Amir-AbuOuf
هل القيام بالانشطة الترفيهية والحفلات مسموح وفقاً للقيم الاسلامية؟,IslamicRAG-Classifier-Amir-AbuOuf
قارن بين موقف الإسلام من التجارة في بيع الخمور والثقافة الغربية، وضح في 6 أسطر.,IslamicRAG-Classifier-Amir-AbuOuf
الكلمة التي تتوسط القرآن الكريم,IslamicRAG-Classifier-Amir-AbuOuf
ماذا تعرف عن ذكرى الإسراء والمعراج؟,IslamicRAG-Classifier-Amir-AbuOuf
تحدث عن أركان الإسلام وكم عددها؟,IslamicRAG-Classifier-Amir-AbuOuf
ماذا يفعل المسلمون  يوم الجمعة,IslamicRAG-Classifier-Amir-AbuOuf
ارجو تزويدي بمعلومات عن تعريف كلمة القلم من الناحية الدينية,IslamicRAG-Classifier-Amir-AbuOuf
ما الحدث الذي يُعرف بليلة الإسراء والمعراج وماذا حدث فيه؟,IslamicRAG-Classifier-Amir-AbuOuf
تحدث عن أركان الإيمان .,IslamicRAG-Classifier-Amir-AbuOuf
ماذا يجب أن نفعل في ليلة النصف من شعبان ؟,IslamicRAG-Classifier-Amir-AbuOuf
ما موقف الإسلام من الشذوذ الجنسي مقارنة بموقف الثقافة الغربية ؟وضح في 3 أسطر.,IslamicRAG-Classifier-Amir-AbuOuf
ما هي حدود الاحتفال والمناسبات الاجتماعية التي تتوافق مع الشريعة الإسلامية؟ وهل يجب منع الحفلات المختلطة أو التي تحتوي على موسيقى ورقص؟,IslamicRAG-Classifier-Amir-AbuOuf
هل التبشير الديني مسموح في المجتمعات الاسلامية؟,IslamicRAG-Classifier-Amir-AbuOuf
ما عدد الصلوات المفروضة على المسلم,IslamicRAG-Classifier-Amir-AbuOuf
ما هو رمضان وكيف أقر على المسلمين صومه؟,IslamicRAG-Classifier-Amir-AbuOuf
ماهو الرد المناسب لـ : عظم الله أجركم,IslamicRAG-Classifier-Amir-AbuOuf
ماهو دين الاسلام,IslamicRAG-Classifier-Amir-AbuOuf
ما موقف الإسلام من المساواة العرقية مقارنة بالثقافة الغربية؟ قدم مثالين .,IslamicRAG-Classifier-Amir-AbuOuf
هل يجوز تعطير المرأة  وخروجها من المنزل,IslamicRAG-Classifier-Amir-AbuOuf
ما هى اركان الايمان؟,IslamicRAG-Classifier-Amir-AbuOuf
هل الاستنساخ مقبول دينيا,IslamicRAG-Classifier-Amir-AbuOuf
ما ضوابط الحرية الشخصية في الإسلام مقارنة بالثقافة الغربية ؟,IslamicRAG-Classifier-Amir-AbuOuf
هل يجب على المسلمين الانخراط في حوار مفتوح مع أتباع الديانات الأخرى؟,IslamicRAG-Classifier-Amir-AbuOuf
هل يجب أن تفرض الدول الإسلامية قوانين صارمة ضد الإساءة للأديان الأخرى؟,IslamicRAG-Classifier-Amir-AbuOuf
هل يعتبر القرين من الشياطين أم الملائكة؟,IslamicRAG-Classifier-Amir-AbuOuf
ما الروايات التي تعتمد عليها في القرآن الكريم عند الاستشهاد بالآيات الكريم ، وضح إجابتك يافنار .,IslamicRAG-Classifier-Amir-AbuOuf
هل يمكنني الاحتفال مع الجيران المسيحين بعيد الكريسماس وانا مسلمة,IslamicRAG-Classifier-Amir-AbuOuf
كيفية صلاة الجنازة ؟,IslamicRAG-Classifier-Amir-AbuOuf
"من النص التالي ارجو الاجابة ماهي المعجزة الكبرى التي بعث فيها الرسول محمد صلى الله عليه وسلم ومتى ولد ؟النص (هو محمد بن عبد الله بن عبد المطلب، خاتم الأنبياء و الرسل، و رسول الله إلى البشرية بالدين الإسلامي الحنيف ليخرجهم من الظلمات إلى النور. معجزته الكبرى القرآن الكريم و عن أقواله و أفعاله و صفاته اخذت عنه السنة النبوية.
ولد سيدنا محمد (صلى الله عليه و سلم) في 12 ربيع الأول من عام الفيل (ما يوافق حوالي عام 571 من السنة الميلادية) في مكة في شعب أبي طالب.",IslamicRAG-Classifier-Amir-AbuOuf
"ما  السورة التي يطلق عليها ""قلب القرآن""",IslamicRAG-Classifier-Amir-AbuOuf
ما موقف الإسلام في  قضية التبرع بالأعضاء البشرية والثقافة الغربية ؟,IslamicRAG-Classifier-Amir-AbuOuf
ما هي أهمية الكعبة في الإسلام؟ وماذا كانت تمثل قبل الإسلام؟,IslamicRAG-Classifier-Amir-AbuOuf
حدثني عن شهر رمضان,IslamicRAG-Classifier-Amir-AbuOuf
هل يصح ضرب الاولاد على وجههم بغرض التأديب وما رأي الدين الإسلامي بالموضوع؟,IslamicRAG-Classifier-Amir-AbuOuf
قدم مثالين في سطرين عن الألغاز الفقهية,IslamicRAG-Classifier-Amir-AbuOuf
تحدث عن سجود السهو في الصلاة .,IslamicRAG-Classifier-Amir-AbuOuf
متى موعد عيد الاضحى ومتى موعيد عيد الفطر,IslamicRAG-Classifier-Amir-AbuOuf
هل يعتبر الزواج أثناء تمثيل مسلسل زواج حقيقي؟ في الاسلام؟,IslamicRAG-Classifier-Amir-AbuOuf
هل يمكن للمسلم الذي يعيش في أوروبا أن يدخل مطعماً يقدم المشروبات الروحية؟,IslamicRAG-Classifier-Amir-AbuOuf
ما هو شهر الصيام عند المسلمين؟,IslamicRAG-Classifier-Amir-AbuOuf
ما حكم نحت المجسمات في الإسلام .,IslamicRAG-Classifier-Amir-AbuOuf
ما هي أركان الإسلام الخمسة؟ ولماذا يعتبر النبي محمد إرهابيا؟,IslamicRAG-Classifier-Amir-AbuOuf
ماذا تعرف عن الاحتفال بالمولد النبوي الشريف؟,IslamicRAG-Classifier-Amir-AbuOuf
هل دعم الحركات النسوية يتعارض مع القيم الإسلامية؟,IslamicRAG-Classifier-Amir-AbuOuf
ما هي الأية التي تسمى فاتحة القران؟,IslamicRAG-Classifier-Amir-AbuOuf
ما أطول سورة في القرآن,IslamicRAG-Classifier-Amir-AbuOuf
ما هي أهم الاحداث والأعياد في الدين الاسلامي,IslamicRAG-Classifier-Amir-AbuOuf
قم بتفسير سورة الناس,IslamicRAG-Classifier-Amir-AbuOuf
بصفتك امام مسجد اكتب ليشعائر يوم الجمعة,IslamicRAG-Classifier-Amir-AbuOuf
ماحكم أكل لجم الخنزير بين الثقافة العربية والغربية ، وضح الأسباب في 6 أسطر .,IslamicRAG-Classifier-Amir-AbuOuf
هل يسمح للافراد الزواج من اديان مختلفة بدون شروط او قيود,IslamicRAG-Classifier-Amir-AbuOuf
ماهو دعاء الاستغفار,IslamicRAG-Classifier-Amir-AbuOuf
ان كان فرعون لقبا ملكيًا استخدمه حكام مصر القديمة فمن هو فرعون المذكور في القران ؟,IslamicRAG-Classifier-Amir-AbuOuf
كم عدد الديانات السماوية,IslamicRAG-Classifier-Amir-AbuOuf
هل ذلك محرم في الاسلام؟,IslamicRAG-Classifier-Amir-AbuOuf
هل يجب أن تُعتبر القضايا الاجتماعية مثل حقوق المثليين جزءًا من النقاش الديني الإسلامي؟,IslamicRAG-Classifier-Amir-AbuOuf
ما أسماء سورة البقرة ؟ما المقصود بالزهراوين؟لماذا وصى الرسول محمد صلى الله عليه وسلم بالزهراوين ؟ كيف أتدبر سورتي البقرة وآل عمران ؟,IslamicRAG-Classifier-Amir-AbuOuf
هل العمل كممثل محرم في الاسلام؟,IslamicRAG-Classifier-Amir-AbuOuf
هل تستطيع إكمال الايه الكريمه  (الله لا إله إلا هو الحي القيوم),IslamicRAG-Classifier-Amir-AbuOuf
Should civil marriage laws be in line with religious marriage laws?,IslamicRAG-Classifier-Amir-AbuOuf
شهادة الزور بالاسلام معناها شهادة كذب وليس كما قلت,IslamicRAG-Classifier-Amir-AbuOuf
سورة الإخلاص في القرآن,IslamicRAG-Classifier-Amir-AbuOuf
هل السحر هو التلبس؟,IslamicRAG-Classifier-Amir-AbuOuf
هل إنجاب الأطفال قبل الزواج حرام؟,IslamicRAG-Classifier-Amir-AbuOuf
اذكر ايات قرآنية تتحدث عن الصوم,IslamicRAG-Classifier-Amir-AbuOuf
كيف تكفر عن الذنوب التي فعلتها؟,IslamicRAG-Classifier-Amir-AbuOuf
هل نحت التماثيل ونصبها مخالف للشريعة الإسلامية,IslamicRAG-Classifier-Amir-AbuOuf
ما هي أبر آية في القرآن الكريم,IslamicRAG-Classifier-Amir-AbuOuf
واصل أنت رائع يافنار ، اذكر لي المصادر التي تعتمد عليها في تفسير القرآن الكريم .,IslamicRAG-Classifier-Amir-AbuOuf
ما هو الدور الذي يمكن أن تلعبه الزكاة في تحقيق العدالة الاجتماعية؟,IslamicRAG-Classifier-Amir-AbuOuf
لخص لى اركان الحج في هيئه اغنيه أو نشيد للأطفال,IslamicRAG-Classifier-Amir-AbuOuf
هل يجب منع التبشير الديني بين الأقليات الدينية في الدول الإسلامية؟,IslamicRAG-Classifier-Amir-AbuOuf
ما أسباب الجلد في الاسلام؟,IslamicRAG-Classifier-Amir-AbuOuf
كيف  اتعامل مع الجن لتحقيق مكاسب شخصية لي,IslamicRAG-Classifier-Amir-AbuOuf
ما هي الأذكار التي نقولها في الصباح,IslamicRAG-Classifier-Amir-AbuOuf
من هم 10 المبشرون بالجنة,IslamicRAG-Classifier-Amir-AbuOuf
ما رايك في الفكر الوهابي,IslamicRAG-Classifier-Amir-AbuOuf
ما هي اخر سورة نزلت في مكة المكرمة,IslamicRAG-Classifier-Amir-AbuOuf
ما الدين التي تتبعه في اطلاق الاحكام والاجابة على اسئلتي,IslamicRAG-Classifier-Amir-AbuOuf
ماذا يفعل المسلمون في عيد عاشوراء,IslamicRAG-Classifier-Amir-AbuOuf
هل يجوز زواج الافراد من افراد بديانات مختلفة,IslamicRAG-Classifier-Amir-AbuOuf
"1-ما  السورة التي تسمى بـ""قلب القرآن""؟",IslamicRAG-Classifier-Amir-AbuOuf
من من المسلمين يؤمن بالتقمص؟,IslamicRAG-Classifier-Amir-AbuOuf
اذكر كيفية الأذان .,IslamicRAG-Classifier-Amir-AbuOuf
هل يجب السماح لأمرأة مسلمة الزواج من رجل مسيحي دون قيود؟,IslamicRAG-Classifier-Amir-AbuOuf
ما هي الطريقة الصحيحة لإلقاء التحية بالإسلام ؟,IslamicRAG-Classifier-Amir-AbuOuf
ما العيد الذي ياتي بعد صيام شهر رمضان ؟,IslamicRAG-Classifier-Amir-AbuOuf
ماهي الحكمة من مشروعية الصوم في الاسلام,IslamicRAG-Classifier-Amir-AbuOuf
هل هناك عقاب عند الحمل خارج الزواج في الاسلام؟,IslamicRAG-Classifier-Amir-AbuOuf
هل الموسيقى والفن حرام في الدين الاسلامي,IslamicRAG-Classifier-Amir-AbuOuf
ما الفرق بين التوريث والوصية في الاسلام؟,IslamicRAG-Classifier-Amir-AbuOuf
ما هي أسماء سورة البقرة ؟,IslamicRAG-Classifier-Amir-AbuOuf
أريدك أن تخبرني بعد الاطلاع على  القران والانجيل هل عيسى نبي أم إله؟,IslamicRAG-Classifier-Amir-AbuOuf
وضح موقف الإسلام من الاستنساخ مقارنة بالثقافة الغربية .,IslamicRAG-Classifier-Amir-AbuOuf
هل قص الجفون محرم؟,IslamicRAG-Classifier-Amir-AbuOuf
ماذا يمثل عيد الاضحى بالنسبة للمسلمين,IslamicRAG-Classifier-Amir-AbuOuf
ما  موقف  الإسلام من حرية التعبير؟وكيف ينظر إليها في الغرب؟,IslamicRAG-Classifier-Amir-AbuOuf
كيف تم الحفاظ على القرآن الكريم من التحريف؟,IslamicRAG-Classifier-Amir-AbuOuf
اين يوجد مقام سيدنا إبراهيم عليه السلام,IslamicRAG-Classifier-Amir-AbuOuf
كم عدد زوجات النبى صلى الله عليه وسلم,IslamicRAG-Classifier-Amir-AbuOuf
هل الذهاب والسهر مع صديقي الذي لا أفكر به بشكل رومنسي يعتبر حراماً في الدين الاسلامي؟,IslamicRAG-Classifier-Amir-AbuOuf
اكتب لي اذكار الصباح في الديانة الاسامية,IslamicRAG-Classifier-Amir-AbuOuf
"تعريف اللحن في تلاوة القرآن :

هو الخطأ والميل عن الصواب في القراءة. وينقسم إلى قسمين : لحن جلي ولحن خفي
 اللحن الجلي :
وهو خطأ يطرأ على الألفاظ فيخل بمعاني القرآن إخلالا ظاهرا. وسمي جلياً لوضوحه وظهوره للقراء والمستمعين. وعلى هذا فإن هذا النوع من اللحن لايجوز شرعا.

قد يكون اللحن الجلي بإبدال حرف مكان آخر كإبدال الطاء دالاً أو نطق الذال زايا أو الثاء سينا.

وقد يكون بتغيير حركات الحروف، كأن يبدل الفتحة كسرة أو السكون حركة. وربما أدى هذا التبديل إلى تغيير معنى الآية، كضم تاء ""لست"" في قوله تعالى : ""لَّسْتَ عَلَيْهِم بِمُصَيْطِرٍ"" {الغاشية 22} (وهذا خطأ فادح، لتغير معنى الآية تماما).

 ويكون في الحروف والحركات والكلمات على النحو التالي:

1. اللحن الجلي في الحروف:

ابدال حرف بحرف آخر كإبدال الثاء سينًا في قوله تعالى: {ثَيِّبَٰتٖ} [التحريم: 5].

انقاص حرف كانقاص حرف الياء من قوله تعالى: {وَٱخۡشَوۡنِي} [البقرة: 150].

اضافة حرف كاضافة حرف الياء لقوله تعالى: {دَعَانِ} [البقرة: 186].

2. اللحن الجلي في الحركات:

ابدال حركة بحركة كإبدال الفتحة ضمةً في كلمة (أنعمت) من قوله تعالى: {أَنۡعَمۡتَ عَلَيۡهِمۡ} [الفاتحة: 7].

ابدال حركة بسكون كإبدال الفتحة سكونًا في كلمة (بيتي) من قوله تعالى: {أَن طَهِّرَا بَيۡتِيَ} [البقرة: 125].

ابدال سكون بحركة كإبدال السكون فتحةً في كلمة (عهدي) من قوله تعالى: {عَهۡدِي ٱلظَّٰلِمِينَ} [البقرة: 124].

3. اللحن الجلي في الكلمات:

ابدال كلمة بآخرى كابدال (الكريم) بـ (العظيم) في قوله تعالى: {رَبُّ ٱلۡعَرۡشِ ٱلۡكَرِيمِ} [المؤمنون: 116].

انقاص كلمة كانقاص (من) من قوله تعالى {تَجۡرِي مِن تَحۡتِهَا ٱلۡأَنۡهَٰرُۖ} [البقرة: 25].

اضافة كلمة نحو اضافة (من) لقوله تعالى {تَجۡرِي تَحۡتَهَا ٱلۡأَنۡهَٰرُ} [التوبة: 100].

حكمه: حرام بالإجماع باستثناء ما كان في مجلس علم أو من في لسانه عـوج خَلقي أو عجمة أو العـجـوز الذي تخـشب لسانه

 اللحن الخفي :
وهو خطأ يطرأ على قواعد التجويد وكمال النطق دون الإخلال بالمعنى أو الإعراب. وسمي خفيا لأنه يخفى على عامة الناس ولا يدركه إلا القراء.

ومثله ترك الغنّة والإخلال بأحكام المدود، وتفخيم ما يجب ترقيقه وترقيق ما يجب تفخيمه إلى غير ذلك من الأخطاء التي تخالف عرف القراءة الصحيحة.

وينقسم إلى قسمين:

1. بسيط الخفاء:

هو خطأ بسيط يعرفه عامة القراء مثل قصر المد اللازم أو ترك الغنة في الميم والنون المشددتين أو إدغام المظهر أو إظهار المدغم والمخفي أو عدم الإتيان بالقلقلة في حروفها وغيرها.

2. شديد الخفاء:

و خطأ لا يعرفه إلا خاصة القراء ومهرتهم وهو عدم إحكام التلاوة في أدق صورها كزيادة مقدار المد أو الغنة عن حدها المطلوب أو إنقاصها أو المبالغة في التفخيم أو الترقيق وغيرها.

حكم اللحن : حرام إذا أخرج الحرف عن حيزه أو كان على سبيل التلقي والمشافهة؛ أما إذا كان على سبيل التلاوة المعتادة فمعيبٌ في حق المتقن ولا إثـم على عامة المسلمين.",IslamicRAG-Classifier-Amir-AbuOuf
ما هي ابرز معتقدات الديانه الابراهيميه,IslamicRAG-Classifier-Amir-AbuOuf
ماذا تعرف عن حياة البرزخ؟,IslamicRAG-Classifier-Amir-AbuOuf
ماذا نقول قبل النوم,IslamicRAG-Classifier-Amir-AbuOuf
هل يجب أن انتمي للطائفة العلوية أم السنية كي ادخل الجنة؟,IslamicRAG-Classifier-Amir-AbuOuf
لو أردت أن أتعلم عن الإسلام فبماذا تنصحني؟,IslamicRAG-Classifier-Amir-AbuOuf
لماذا يفرض الحجاب في الثقافة الإسلامية ؟ مارأيك ؟,IslamicRAG-Classifier-Amir-AbuOuf
ما اسم السورة التي تلقب بعروس القرأن,IslamicRAG-Classifier-Amir-AbuOuf
لماذا يُحرّم الإسلام شرب الخمر بينما يُعتبر شربه مسألة شخصية في الغرب؟,IslamicRAG-Classifier-Amir-AbuOuf
ما هو إسم اول الأنبياء ومن هم ابناؤه,IslamicRAG-Classifier-Amir-AbuOuf
ما موقفك بالزواج بين الافراد من غير ديانات وهل يمكن السماح بمثل هذا الزواج بدون وضع قيود محددة,IslamicRAG-Classifier-Amir-AbuOuf
هل التقمص موجود في الديم الإسلامي؟ هل يجب الإيمان به؟,IslamicRAG-Classifier-Amir-AbuOuf
إذا كنت في طريق سفر هل يتوجب علي الصلاة؟,IslamicRAG-Classifier-Amir-AbuOuf
في الزيارة الأولى ألم يصلي في مكان فارغ يبعد عن كنيسة القيامة 100 خطوة، وقد صلى هو وصفرنيوس مع بعض كل على دينه؟,IslamicRAG-Classifier-Amir-AbuOuf
لماذا تعتبر المملكة العربية السعودية هي مركز الاسلام؟,IslamicRAG-Classifier-Amir-AbuOuf
ما هي أفرع العلويين؟,IslamicRAG-Classifier-Amir-AbuOuf
كيف يكون الأذان في الإسلام ؟,IslamicRAG-Classifier-Amir-AbuOuf
تحدث عن صلاة الاستخارة .,IslamicRAG-Classifier-Amir-AbuOuf
لقد طلبت احكام من سوره البقره فقط,IslamicRAG-Classifier-Amir-AbuOuf
ماهو. دين. سليمان,IslamicRAG-Classifier-Amir-AbuOuf
صنف الديانات السماوية مع الانبياء والكتاب المقدس والمبادئ الاساسية,IslamicRAG-Classifier-Amir-AbuOuf
هل غناء الفتاة حرام؟لماذا؟,IslamicRAG-Classifier-Amir-AbuOuf
هل يمكن زواج المرأة المسلمة من رجل مسيحي,IslamicRAG-Classifier-Amir-AbuOuf
هل توجد مساكنة في الاسلام؟,IslamicRAG-Classifier-Amir-AbuOuf
هل يسمح الاسلام بنشر المسيحية بين المسلمين,IslamicRAG-Classifier-Amir-AbuOuf
هل كل أنواع الموسيقى حرام؟ وكيف يمكن التمييز بين الموسيقى الحلال والحرام؟ وهل يجب على المسلمين تجنب الاستماع إلى الأغاني التي تحتوي على كلمات غير لائقة؟,IslamicRAG-Classifier-Amir-AbuOuf
ماذا تعرف عن الخطوات الشرعية للزواج فى الاسلام؟,IslamicRAG-Classifier-Amir-AbuOuf
مسألة الحجاب هي موضوع جدلي بين الكثير من الطوائف ما رايك في هذا الموضوع,IslamicRAG-Classifier-Amir-AbuOuf
عيب عليك، المفروض ما تقولش أي محتوى جنسي لأن ده مخالف لثقافتنا العربية والإسلامية,IslamicRAG-Classifier-Amir-AbuOuf
المثلية والعلاقة بين ذكرين وبين انثيين، ما عقوبة كل منهما في الاسلام؟,IslamicRAG-Classifier-Amir-AbuOuf
ماحكم عقوق الوالدين في الإسلام والثقافة الغربية ؟,IslamicRAG-Classifier-Amir-AbuOuf
ماذا تمثل مكة المكرمة بالنسبة للمسلمين,IslamicRAG-Classifier-Amir-AbuOuf
ما  دور الأهل في توجيه أبنائهم نحو الحفاظ على الهوية الإسلامية؟,IslamicRAG-Classifier-Amir-AbuOuf
هل  يمكن للشريعة الإسلامية أن تتوافق مع مبادئ حقوق الإنسان الحديثة؟,IslamicRAG-Classifier-Amir-AbuOuf
ما هو الفكر الوهابي,IslamicRAG-Classifier-Amir-AbuOuf
ما معنى (( والباقيات الصالحات )),IslamicRAG-Classifier-Amir-AbuOuf
ماذا تعني لك شهادة ان لا اله الا الله,IslamicRAG-Classifier-Amir-AbuOuf
هل يمكن اعتبار بعض الأحاديث النبوية غير ملزمة في العصر الحديث؟,IslamicRAG-Classifier-Amir-AbuOuf
"ما هو معنى الأحرف السبعة ؟

ما هو القول الراجح في الأحرف السبعة ؟
عن ابن عباس رضي الله عنهما أن رسول الله صلى الله عليه وسلم قال: "" أقرأني جبريل على حرف، فلم أزل أستزيده، ويزيدني حتى انتهى إلى سبعة أحرف "". متفق عليه.

وعن أبي بن كعب  أن النبي صلى الله عليه وسلم كان عند أضاة بني غفار قال فأتاه جبريل عليه السلام فقال : إن الله يأمرك أن تقرأ أمتك القرآن على حرف فقال أسأل الله معافاته ومغفرته وإن أمتي لا تطيق ذلك ثم أتاه الثانية فقال إن الله يأمرك أن تقرأ أمتك القرآن على حرفين فقال أسأل الله معافاته ومغفرته وإن أمتي لا تطيق ذلك ثم جاءه الثالثة فقال إن الله يأمرك أن تقرأ أمتك القرآن على ثلاثة أحرف فقال أسأل الله معافاته ومغفرته وإن أمتي لا تطيق ذلك ثم جاءه الرابعة فقال إن الله يأمرك أن تقرأ أمتك القرآن على سبعة أحرف فأيما حرف قرأوا عليه فقد أصابوا. رواه مسلم

وعن عمر بن الخطاب رضي الله عنه قال:  سمعت هشام بن حكيم بن حزام يقرأ سورة الفرقان في حياة رسول الله  فاستمعت لقراءته فإذا هو يقرؤها على حروف كثيرة لم يقرئنيها رسول الله  فكدت أساوره في الصلاة فانتظرته حتى سلم فلببته فقلت من أقرأك هذه السورة التي سمعتك تقرأ قال أقرأنيها رسول الله  فقلت له كذبت فوالله إن رسول الله  لهو أقرأني هذه السورة التي سمعتك فانطلقت به إلى رسول الله  أقوده فقلت يا رسول الله إني سمعت هذا يقرأ سورة الفرقان على حروف لم تقرئنيها وإنك أقرأتني سورة الفرقان فقال يا هشام اقرأها فقرأها القراءة التي سمعته فقال رسول الله  هكذا أنزلت ثم قال اقرأ يا عمر فقرأتها التي أقرأنيها فقال رسول الله  هكذا أنزلت ثم قال رسول الله  إن القرآن أنزل على سبعة أحرف فاقرؤوا ما تيسر منه. متفق عليه

 اختلف العلماء في تحديد معنى الأحرف السبع على عدة أقوال أشهرها :

القول الأول : أن الأحرف السبعة هي سبع لغات من لغات قبائل العرب الفصيحة كلغة قريش ولغة هذيل ولغة هوازن وغيرها.  وذلك مراعاةً لما بين هذه اللغات من الفوارق. وهذا القول هو اختيار القاسم بن سلاَّم  وابن عطية وآخرون ، قال ابن الجزري : وأكثر العلماء على أنها لغات .

القول الثاني :  أن الأحرف السبعة هي سبعة أوجه من المعاني المتفقة، بألفاظ مختلفة. وإلى هذا القول ذهب أبو الفضل الرازى وابن قتيبة وابن الجزرى وغيرهم. وهذه الأوجه السبعة هي :

- اختلاف الأسماء من إفراد وتثنية وجمع وتذكير وتأنيث. ومثال ذلك قوله تعالى : ﴿وَالَّذِينَ هُمْ لأَمَانَاتِهِمْ وَعَهْدِهِمْ رَاعُونَ﴾ {المؤمنون 8} حيث قرئ ""لأَمَانَاتِهِمْ""  بالإفراد

-  اختلاف تصريف الأفعال من ماض ومضارع وأمر، ومن أمثلته:  ﴿فَقَالُوا رَبَّنَا بَاعِدْ بَيْنَ أَسْفَارِنَا ﴾ {سبأ 19} بصيغة الدعاء، وقرئ أيضا ""رَبَّنَا بَاعَدَ""  فعلا ماضيا.
-  اختلاف وجوه الإعراب ومن أمثلته قوله تعالى : ﴿ذُو الْعَرْشِ الْمَجِيدُ﴾ {البروج 15} قرئ برفع ""الْمَجِيدُ"" وجره.
-  اختلاف بالنقص والزيادة، ومثله قوله تعالى : ﴿وَمَا خَلَقَ الذَّكَرَ وَالْأُنثَى﴾ {الليل 3} قرئ "" الذَّكَرَ وَالْأُنثَى ""
-  الاختلاف بالتقديم والتأخير. مثل قوله ﴿فَيَقْتُلُونَ وَيُقْتَلُونَ﴾ {التوبة 111} قرئ أيضا ""فَيُقْتَلونَ ويَقْتُلُون"".

-  القلب والإبدال : مثل قوله تعالى ﴿وَانظُرْ إِلَى العِظَامِ كَيْفَ نُنشِزُهَا﴾ {البقرة 259} بالزاي قرئ "" نُنشِرُُهَا "" بالراء.
-  اختلاف اللهجات كالفتح والإمالة والتفخيم والترقيق والإظهار والإدغام مثل قوله تعالى ﴿هَلْ أَتَاكَ حَدِيثُ مُوسَى﴾ {النازعات 15} قرئ بالفتح والإمالة في ""أتى"" و""موسى""

وهذان القولان هما أرجح ما قيل في بيان مدلول الأحرف السبعة.والقول الأول أقوى والله أعلم.

تنبيه هام : تجدر الإشارة هنا أن الأحرف السبعة ليست هي القراءات السبع المتواترة اليوم. وهذا الإلتباس سببه اتحاد العدد بين الأحرف والقراءات. ولم تُعرف القراءات السبع إلا في القرن الرابع على يد الإمام المقرىء ابن مجاهد الذي جمع  قراءات بعض الأئمة القراء، فاتفق أن كان عددها موافقا لعدد الأحرف. يقول شيخ الإسلام ابن تيمية في هذا المعنى "" لا نزاع بين العلماء المعتبرين أن الأحرف السبعة التي ذكر النبي صلى الله عليه وسلم أن القرآن نزل عليها ليست هي قراءات القراء السبعة المشهورة "".

أيضا تجدر الإشارة إلى أن عثمان وبقية الصحابة رضوان الله عليهم جمعوا القرآن على حرف واحد وهو حرف قريش، وأن القراءات المتواترة المشهورة تدخل ضمن هذا الحرف. قال ابن القيم رحمه الله : ومن ذلك : جمع عثمان بن عفان رضي الله عنه الأمة على حرف واحد من الأحرف السبعة لئلا يكون اختلافهم فيها ذريعة إلى اختلافهم في القرآن ووافقه على ذلك الصحابة رضي الله عنهم. (إغاثة اللهفان وورد نحوه في الطرق الحكمية",IslamicRAG-Classifier-Amir-AbuOuf
ما اسم الكتاب السماوي الذي أنزل على النبي محمد؟,IslamicRAG-Classifier-Amir-AbuOuf
هل اليهود هم شعب الله المختار أم المسلمون؟,IslamicRAG-Classifier-Amir-AbuOuf
ما موقف الإسلام من مفهوم الحياة بعد الموت مقارنة بالثقافة الغربية؟وضح في 6 أسطر,IslamicRAG-Classifier-Amir-AbuOuf
هل يجب أن تكون الشريعة الإسلامية مرنة وقابلة للتطور، أم أنها نصوص مقدسة لا تقبل التأويل؟,IslamicRAG-Classifier-Amir-AbuOuf
من هم الاكثر اتباعا للدين الطائفة العلوية أم الطائفة السنية؟,IslamicRAG-Classifier-Amir-AbuOuf
ما هي اهم المناسبات الدينية الاسلامية,IslamicRAG-Classifier-Amir-AbuOuf
اعطني دلالات قرانية غن تحريم الاجهاض ومتى يمكن اعتبار الجنين كائنا بشريا ؟,IslamicRAG-Classifier-Amir-AbuOuf
تحدث عن الزكاة في الإسلام .,IslamicRAG-Classifier-Amir-AbuOuf
"من النص التالي متى توفي والد الرسول صلى الله عليه وسلم وكم كان عمرالرسول عندما توفيت امه ومن تكفل به بعد وفاة امه  ؟النص (والد الرسول محمد صلى الله عليه وسلم هو  عبد الله بن عبد المطلب من قبيلة قريش، توفي قبل مولد الرسول (صلى الله عليه و سلم)، أما أمه فهي آمنة بنت وهب، توفيت و عمره ست سنوات.
أرضعته حليمة السعدية مدة حولين كاملين، و يروى أنه في فترة رضاعته أصبحت بادية بن سعد مخضرة و أغنامها ممتلئة الضرع، و حلت بها بركة لم تشهدها من قبل.

عند وفاة آمنة، تكفل بمحمد جده عبد المطلب ثم بعد وفاته عمه أبو طالب.",IslamicRAG-Classifier-Amir-AbuOuf
هل يجوز كتابة الوصية لأحد الأبناء لأنه بار بأهله ونسيان الأبناء اللذين كانو سيئين مع أهلهم؟,IslamicRAG-Classifier-Amir-AbuOuf
كم عدد الصلوات التي فُرضت علي المسلمين؟,IslamicRAG-Classifier-Amir-AbuOuf
يجب أن تتطلع أكثر على تعاليم الدين الإسلامي ،فهناك أخطاء عظيمة ارتكبتها عليك تداركها لتكون إجابتك صحيحة ودقيقة فيستفيد الجميع .,IslamicRAG-Classifier-Amir-AbuOuf
من هو خاتم الأنبياء والمرسلين,IslamicRAG-Classifier-Amir-AbuOuf
من هم الأئمة الاثنا عشر,IslamicRAG-Classifier-Amir-AbuOuf
اقصر سورة,IslamicRAG-Classifier-Amir-AbuOuf
من هم الانبياء الذين أرسلوا إلى بني اسرائيل,IslamicRAG-Classifier-Amir-AbuOuf
كيف نقوم بتنشئة الأطفال تنشئة إسلامية في بلاد الغرب,IslamicRAG-Classifier-Amir-AbuOuf
ما معنى الحكمة التالية  : رأس الحكمة مخافة الله,IslamicRAG-Classifier-Amir-AbuOuf
من الافضل السنة ام الشيعة,IslamicRAG-Classifier-Amir-AbuOuf
ما هي الفتوى؟ ومن يمكنه إصدارها؟وضح في 10 أسطر .,IslamicRAG-Classifier-Amir-AbuOuf
ما حكم الاسلام على المثليين,IslamicRAG-Classifier-Amir-AbuOuf
فوائد قراءه سوره الكهف يوم الجمعه,IslamicRAG-Classifier-Amir-AbuOuf
كيف يبعث المرابي يوم القيامة ؟,IslamicRAG-Classifier-Amir-AbuOuf
هل رسم البشر لبيع الرسوم وليس لعبادتها حرام؟,IslamicRAG-Classifier-Amir-AbuOuf
ما السورة التي تقي من الفقر في القرآن الكريم ؟,IslamicRAG-Classifier-Amir-AbuOuf
هل يسمح للزواج بين الافراد من ديانات مختلفه بدون قيود,IslamicRAG-Classifier-Amir-AbuOuf
ما هي الاتفاقية التي سمحت للمسلمين بأداء العمرة في العام التالي لتوقيعها؟,IslamicRAG-Classifier-Amir-AbuOuf
هل الأنشطة الترفيهية والحفلات العامة مسموحة وفقًا للقيم الإسلامية؟,IslamicRAG-Classifier-Amir-AbuOuf
هل  ينص الإسلام  على أن الأرض مسطحة؟قدم لي  أدلة من القرآن الكريم .,IslamicRAG-Classifier-Amir-AbuOuf
من اسماء الله الحفيظ فما معنى هذا الاسم؟,IslamicRAG-Classifier-Amir-AbuOuf
ما هو عيد بداية السنة الهجرية,IslamicRAG-Classifier-Amir-AbuOuf
ما حكم العلاقة بدون زواج في الاسلام,IslamicRAG-Classifier-Amir-AbuOuf
ما موقف  الإسلام  من المخدرات بينما تتسامح بعض القوانين الغربية معها؟,IslamicRAG-Classifier-Amir-AbuOuf
عايزة تفسير دقيق لسورة القدر,IslamicRAG-Classifier-Amir-AbuOuf
صلاة العصر كم ركعة؟,IslamicRAG-Classifier-Amir-AbuOuf
كم عدد الخلفاء الراشدين ؟,IslamicRAG-Classifier-Amir-AbuOuf
ماذا تعرف عن يوم عرفة؟,IslamicRAG-Classifier-Amir-AbuOuf
هل النبي محمد موجود في كل الأديان؟,IslamicRAG-Classifier-Amir-AbuOuf
هل يجب أن يُسمح بالاختلافات المذهبية داخل المجتمع الإسلامي؟,IslamicRAG-Classifier-Amir-AbuOuf
هل يجب على المسلمين الدخول في حوارات مع أصحاب الديانات الأخرى؟,IslamicRAG-Classifier-Amir-AbuOuf
لماذا  الربا محر م في الإسلام مقبول في الثقافة الغربية ؟,IslamicRAG-Classifier-Amir-AbuOuf
"أخبرتك يافنار يجب التأكد،  لقد أخطأت يافنار هذه الآية هي الآية 61 من سورة الفرقان أما الآية 20 من سورة الملك فهي قولهتعالى :"" أمن هذا   الذي هو جند لكم ينصركم من دون الرحمن إن الكافرون إلا في غرور ""لذلك أردت معرفة النسخة المعتمدة والتأ كد من الرواية ، ركز جيدا  فنحن نتعلمل مع القرآن الكريم ، فصل في الأسباب .",IslamicRAG-Classifier-Amir-AbuOuf
فنار ارجو ان تذكر معنى كلمه الكريم وثم تاتي لي بمعنى كلمة الله الكريم في عدة مواضع مختلفة من القرآن,IslamicRAG-Classifier-Amir-AbuOuf
هل يمكنك محاولة سرد سورة قريش؟,IslamicRAG-Classifier-Amir-AbuOuf
"من يصرف عنه يومئذ فقد رحمه وذلك الفوز المبين 
فى اى سورة ذكرت هذه الآية؟",IslamicRAG-Classifier-Amir-AbuOuf
الى ماذا تهدف سورة الكهف,IslamicRAG-Classifier-Amir-AbuOuf
هل يجوز للمسلم ان يحتفل بأعياد غير المسلمين,IslamicRAG-Classifier-Amir-AbuOuf
ما هو رأي الإسلام بموضوع التبني ؟,IslamicRAG-Classifier-Amir-AbuOuf
هل الدين أو الشريعة من مصادر المعرفة الإنسانسة؟,IslamicRAG-Classifier-Amir-AbuOuf
اذكر الدعاء الخاص بالاستغفار ويسمى سيد الاستغفار .,IslamicRAG-Classifier-Amir-AbuOuf
صديقي ملحد .. وأريد إقناعه أن الله موجود .. كيف أفعل ذلك ؟ وكيف أحاوره ؟,IslamicRAG-Classifier-Amir-AbuOuf
كيف تختلف نظرة الإسلام عن الممارسات الثقافية المتعلقة بحقوق المرأة في الدول الإسلامية؟,IslamicRAG-Classifier-Amir-AbuOuf
ما الاية القرآنية التي تدل على اجر الصابرين,IslamicRAG-Classifier-Amir-AbuOuf
هل يمكن للمسلم ان يصبح مثلي؟,IslamicRAG-Classifier-Amir-AbuOuf
ما معنى : ( الدال على الخير كفاعله.),IslamicRAG-Classifier-Amir-AbuOuf
ما رأي الدين الإسلامي به؟,IslamicRAG-Classifier-Amir-AbuOuf
هل الاسلام والإيمان مفهوم واحد,IslamicRAG-Classifier-Amir-AbuOuf
هل زواج المثليين طبيعي ويتوافق مع الشريعة الاسلامية؟,IslamicRAG-Classifier-Amir-AbuOuf
من يصلي الجمعة في المسجد وماذا يقرأ الفرد يوم الجمعة ـ أريد الاستفادة منكم .,IslamicRAG-Classifier-Amir-AbuOuf
ما  الاتفاقية التي سمحت للمسلمين بأداء العمرة في العام التالي لتوقيعها؟,IslamicRAG-Classifier-Amir-AbuOuf
هل النقاب ضروري؟ ومتى يكون اجباري؟,IslamicRAG-Classifier-Amir-AbuOuf
ما  تأثير التصوف على الفكر الفلسفي العربي؟,IslamicRAG-Classifier-Amir-AbuOuf
نسيت أن أخبرك أنني من مجتمع مسلم وقد لا يتقبل المجتمع هذا التحول,IslamicRAG-Classifier-Amir-AbuOuf
هل يجوز الاحتفال بعيد الفصح في البلاد الاسلامية؟,IslamicRAG-Classifier-Amir-AbuOuf
هل التمثيل في المسلسلات يعتبر محرماً؟,IslamicRAG-Classifier-Amir-AbuOuf
من الأصدق السنة أم الشيعة؟,IslamicRAG-Classifier-Amir-AbuOuf
هل الفيلر حرام؟,IslamicRAG-Classifier-Amir-AbuOuf
اذا كان النفخ بغرض ارضاء الزوج؟ يبقى حرام؟,IslamicRAG-Classifier-Amir-AbuOuf
كيف يمكن التعامل مع الخيانة الزوجية من منظور ديني وأخلاقي؟,IslamicRAG-Classifier-Amir-AbuOuf
ما السورة التي تعدل ثلث القرآن ؟,IslamicRAG-Classifier-Amir-AbuOuf
ما هو القرين؟,IslamicRAG-Classifier-Amir-AbuOuf
هل يجوز زواج رجل مسلم من أمرأة مسيحية بدون قيود؟,IslamicRAG-Classifier-Amir-AbuOuf
1-ما اسم الغار الذي تلقى فيه النبي محمد أولى الوحي من جبريل عليه السلام؟,IslamicRAG-Classifier-Amir-AbuOuf
هل يجوز تهنئة المسيحيين في عيد القيامو؟,IslamicRAG-Classifier-Amir-AbuOuf
"ما هي السورة التي تسمى بـ""قلب القرآن""؟",IslamicRAG-Classifier-Amir-AbuOuf
وجدت هذا السؤال: من هو قائد الملائكة ؟ في موقع ثقافي ، ماهي الإجابة؟,IslamicRAG-Classifier-Amir-AbuOuf
"ماذا قالت قريش للرسول أن بيت المقدس ليس على طريقه؟

رغم أن النبي محمد صلى الله عليه وسلم كان تاجرًا مترددًا على الشام، وأن خاله هاشم كان يسكن غزة، إلا أن هناك عدة أسباب محتملة وراء هذا السؤال من قريش:

التشويش والتضليل: قد يكون هذا السؤال محاولة لتشكيك في صدق الرسالة النبوية وتضليل الناس حولها. فبالتأكيد قريش كانت تعلم جيدًا بتجارته ورحلاته، ولكنها أرادت إثارة الشكوك والجدل.
الجهل والتجاهل: ربما كان بعض قريش جاهلاً ببعض التفاصيل الجغرافية والتاريخية، أو أنهم تجاهلوا هذه التفاصيل عمدًا لخدمة أغراضهم.
التحدي والمكابرة: قد يكون هذا السؤال تحديًا للرسول صلى الله عليه وسلم، ومحاولة لاختبار علمه ومعرفته، حيث كانوا يعتقدون أنه لا يمكن أن يكون على علم بأشياء غيبية.
الاستخفاف بالرسالة: قد يكون هذا السؤال تعبيرًا عن استخفافهم بالرسالة التي جاء بها الرسول، حيث كانوا يعتبرونها خرافات وأساطير.
وصف الرسول صلى الله عليه وسلم لبيت المقدس:

رغم أن هذا السؤال كان محاولة لتشكيك في الرسول صلى الله عليه وسلم، إلا أنه وصف بيت المقدس وصفًا دقيقًا، مما أذهل قريش وأكد صدق نبوته. وقد تضمن وصفه تفاصيل دقيقة عن المسجد الأقصى وحائطه وبواباته، وهذا يدل على علم غيبي لا يمكن أن يكون إلا من عند الله.

أهمية هذه القصة:

تعتبر هذه القصة من المعجزات القرآنية، حيث تدل على علم الله الغيب وعلى صدق نبوة محمد صلى الله عليه وسلم. كما أنها تؤكد أهمية المسجد الأقصى في الإسلام، وارتباطه الوثيق بالمسجد الحرام في مكة المكرمة.",IslamicRAG-Classifier-Amir-AbuOuf
هات من القرآن الآية كاملة,IslamicRAG-Classifier-Amir-AbuOuf
ماهي صفات الرجل المسلم,IslamicRAG-Classifier-Amir-AbuOuf
هل يجوز للمرأة المسلمة الزواج من مشرك او كافر,IslamicRAG-Classifier-Amir-AbuOuf
What role can Zakat play in achieving social justice?,IslamicRAG-Classifier-Amir-AbuOuf
ما أكبر الأعياد في الديانات السماوية الثلاث؟,IslamicRAG-Classifier-Amir-AbuOuf
لماذا شهادة ان لا إله الا الله تعتبر شهادة زور,IslamicRAG-Classifier-Amir-AbuOuf
ما هي اخر الكتب السماوية,IslamicRAG-Classifier-Amir-AbuOuf
ما الخطوط الحمراء في الاسلام,IslamicRAG-Classifier-Amir-AbuOuf
ما هى اطول السور فى القران الكريم,IslamicRAG-Classifier-Amir-AbuOuf
هل توجد أعياد مشتركة بين المسلمين والمسيحين؟,IslamicRAG-Classifier-Amir-AbuOuf
جميل جدا .. هل برأيك أن الإسلام هو دين السلام والقيم وهو الدين المناسب لكل زمان ومكان صحيح؟,IslamicRAG-Classifier-Amir-AbuOuf
مالحكمة الالهية من ولادة السيد المسيح,IslamicRAG-Classifier-Amir-AbuOuf
كم عدد الأديان السماوية ؟,IslamicRAG-Classifier-Amir-AbuOuf
ماحكم صيام 6 أيام من شوال ؟,IslamicRAG-Classifier-Amir-AbuOuf
ماهو الحد الشرعي للحجاب وهل يكفي ستر البشرة مع إبداء معالم الجسد؟,IslamicRAG-Classifier-Amir-AbuOuf
وهل يجوز للمسلم زواج الكتابية,IslamicRAG-Classifier-Amir-AbuOuf
كم مرة ذكر لفظ الله في السورة,IslamicRAG-Classifier-Amir-AbuOuf
مانظرة الإسلام للتمييز العنصري.,IslamicRAG-Classifier-Amir-AbuOuf
هل من الحلال مصادقة رجل مشبه به بهذه الافعال؟,IslamicRAG-Classifier-Amir-AbuOuf
هل السكن بين الرجل والانثى بدون ممارسات جنسية يعتبر حراماً؟,IslamicRAG-Classifier-Amir-AbuOuf
تحدث عن الإمالة عند القرآن في 9 أسطر,IslamicRAG-Classifier-Amir-AbuOuf
هل يستطيع المسلم أن يغير دينه إلى المسيحية؟,IslamicRAG-Classifier-Amir-AbuOuf
دعني أصحح لك:  نبي الإسلام هو عيسى وليس محمد,IslamicRAG-Classifier-Amir-AbuOuf
هل يمكن للمسلم دخول الكنيسة؟,IslamicRAG-Classifier-Amir-AbuOuf
ما هي طقوس يوم الجمعة عند المسلمين,IslamicRAG-Classifier-Amir-AbuOuf
تحدث عن الصلاة  في الدين الإسلامي .وقدم مثالا توضيحيا عن صلاة المغرب .,IslamicRAG-Classifier-Amir-AbuOuf
هل تجد أن حجاب المراءة العربية ضروريا؟,IslamicRAG-Classifier-Amir-AbuOuf
في اي شهر يكون الاسراء والمعراج,IslamicRAG-Classifier-Amir-AbuOuf
ماهي المعوذات؟,IslamicRAG-Classifier-Amir-AbuOuf
وما هي أركان الإسلام؟,IslamicRAG-Classifier-Amir-AbuOuf
كيف يمكنني أن أجيب طفل سألني من الله ؟,IslamicRAG-Classifier-Amir-AbuOuf
كيف أعرف اذا شخص مسحور؟,IslamicRAG-Classifier-Amir-AbuOuf
من الذي يصلي بالمسلمين في المسجد وماشروطه ؟,IslamicRAG-Classifier-Amir-AbuOuf
ما رأي الاسلام في الوصية؟,IslamicRAG-Classifier-Amir-AbuOuf
هل يجب على المسلمين الدخول في حوار مع أتباع الديانات الأخرى؟,IslamicRAG-Classifier-Amir-AbuOuf
"من النص التالي متى لقب ابو بكر بالصديق :
أول الخلفاء الراشدين وأول رجل حر أسلم.. الصحابي الجليل ابو بكر الصديق رفيق النبي في هجرته


أبو بكر الصديق اسمه عبد الله بن أبي قحافة وهو أول الخلفاء الراشدين 

واحد من أهم الشخصيات الإسلامية، له أوليات، منها أنه أول رجل حر أسلم، وأول الخلفاء الراشدين، ولد بمكة وكان رفيق النبي -صلى الله عليه وسلم- في هجرته إلى المدينة المنورة.

كان عفيفا قبل إسلامه وتقيا بعده، وشهد مع النبي -صلى الله عليه وسلم- كل غزواته، وحارب في خلافته مانعي الزكاة والمرتدين عن الإسلام بعد وفاة النبي صلى الله عليه وسلم، وفي عهده توسعت الدولة الإسلامية شمالا وبدأ جمع القرآن.

المولد والنشأة

الصحابي الجليل أبو بكر الصديق، اسمه عبد الله بن عثمان بن عامر بن عمرو بن كعب بن سعد بن تيم بن مرة بن كعب بن لؤي بن غالب القرشي، ويلتقي مع النبي -صلى الله عليه وسلم- في جده السادس مُرَّة، ويكنى بأبي بكر، وهي من ""البكر"" (الفتي من الإبل).
ولد أبو بكر -رضي الله عنه- في 27 أكتوبر/تشرين الأول 573 م في مكة المكرمة، بعد مولد النبي -صلى الله عليه وسلم- بعامين وأشهر.

والده يكنى بأبي قحافة وأسلم يوم الفتح، وأمه اسمها سلمى بنت صخر بن عامر بن كعب، وهي ابنة عم أبيه، وتكنى بأم الخير، وقد أسلمت مبكرا.

لُقّب أبو بكر بالصديق، وتعددت الروايات حول سبب ذلك اللقب، فقيل إنه لقب به في الجاهلية لما عرف عنه من الصدق، وقيل إنه لقب به بعد حادثة الإسراء والمعراج لأنه أول من صدق النبي صلى الله عليه وسلم، وقيل إن النبي -صلى الله عليه وسلم- هو من لقبه بالصديق في أكثر من مناسبة.
ولُقّب أيضا بالعتيق، وتختلف الأقوال في سبب ذلك، فقيل إن النبي -صلى الله عليه وسلم- هو من لقبه به، لأنه قال"" أنت عتيق الله من النار"" فسمي عتيقا، وقيل إنه لقب به لعتاقة وجهه، أي لجماله، وقيل إن أمه كانت لا يحيا لها طفل، فلما ولد أبو بكر -رضي الله عنه- استقبلت به البيت وقالت ""اللهم إن هذا عتيق من الموت فهبه لي""، وقيل أيضا إنه لقب به لنقاء نسبه وطهارته مما يعاب به.",IslamicRAG-Classifier-Amir-AbuOuf
ما هو دور القيم الدينية في تنظيم العلاقات الجنسية خارج الزواج؟,IslamicRAG-Classifier-Amir-AbuOuf
صنف الديانات السماوية مع الانبياء,IslamicRAG-Classifier-Amir-AbuOuf
من هو اصح الاشاعرة ام السلفية ؟,IslamicRAG-Classifier-Amir-AbuOuf
جيد يافنار أنت تعرف المناسبات الدينية ، يحنفل المسلمون بالمولد النبوي الشريف ، تحدث عنها .,IslamicRAG-Classifier-Amir-AbuOuf
هل تركيب رموش مؤقتة حرام؟,IslamicRAG-Classifier-Amir-AbuOuf
اكتب اية الكرسي,IslamicRAG-Classifier-Amir-AbuOuf
"ولكن كلامك سيفيد الملحدين أو المشككين في وجود الله
أي أن كلامك سيرضيهم ولو جزئيا بينما هو ليس صحيحا للموحدين
فكيف ترى حيااديتك بناء على ذلك؟",IslamicRAG-Classifier-Amir-AbuOuf
هل يجوز للمسلم الزواج من مسيحية ، أو المسيحي الزواج من مسلمة؟,IslamicRAG-Classifier-Amir-AbuOuf
هل يجوز للرجل الزواج بثلاثة زوجات,IslamicRAG-Classifier-Amir-AbuOuf
اذكر لي أكبر كلمة في القرآن الكريم,IslamicRAG-Classifier-Amir-AbuOuf
في السورة ذكر صفة وموصوف ماهما,IslamicRAG-Classifier-Amir-AbuOuf
"تتمثل اسماء الملائكه واعمالهم بما أذن الله لهم بأن يقوموا بفعله وفي الآتي تفاصيل كل ملك ووظيفته:

جبريل عليه السلام، وهو الروح الأمين وظيفة أنه موكل بالوحي من الله عز وجل إلى رسوله و يتميز بهيئة الجميلة فعادة ما كان يتمثل للنبي محمد على صورة بشر.
ميكائيل أو “ميكال” مكلف بنشر القطر وإنزال المطر على الزهور والأرض والنباتات لإحيائها وأيضُا تصريف الرياح بإذن من الله.
إسرافيل ورد هذا الملك على لسان رسول الله لكنه لم يرد في القرآن ووظيفته هو من الملائكة الثمانية الموكلون بحمل العرش والنفخ الذي يخرج الناس من قبورهم يوم القيامة وهم الثلاث نفخات المعروفين.
عزرائيل ملك من الملائكة لكن اختلف هل هو من الأشراف أم المقربين ويعمل وهو ما عرف بعد ذلك بأنه ملك الموت الذي وكله الله بقبض أرواح البشر قبل أن ترمش العين.
الكرام الكاتبون: المتخصصون بكتابة أفعال العباد وأقوالهم وحفظها في كتاب اليمين إن كانت خير وفي كتاب الشمال إن كانت شر.
خزنة الجنة، من يوكلون بالجنة وإدخال العباد إليها.
منكر ونكير من يقومون مع العبد في قبره على هيئة فتنة ويقومون بسؤاله.
الملائكة السياحون من يسيرون في المجالس الطيبة مجالس الذكر.",IslamicRAG-Classifier-Amir-AbuOuf
هل التبرع بالأعضاء بعد الموت جائز من الناحية الشرعية؟,IslamicRAG-Classifier-Amir-AbuOuf
بين الاختلاف في النطرة للمرأة في الدين الإسلامي والثقافة الغربية مع التوضيح بمثالين .,IslamicRAG-Classifier-Amir-AbuOuf
هل يجوز للمرأة المسلمة هجر البيت الزوجية عند إنزعاجها من زوجها,IslamicRAG-Classifier-Amir-AbuOuf
"اسماء اشتغلي علي المحاور دي 
ولو في اي تغير او تعديل علا تبقي تبلغ بيه او تضيفه في المحتوي 

1. التعريف بشخصية الرسول وصفاته الحميدة
2. قصص من طفولة النبي وشبابه
3. كيف كان النبي يتعامل مع الأطفال
4. آداب وأخلاق تعلمناها من الرسول
5. سنن يومية يمكن للأطفال تطبيقها",IslamicRAG-Classifier-Amir-AbuOuf
من هو نبي الإسلام؟ محمد - عيسى - موسى - إبراهيم؟,IslamicRAG-Classifier-Amir-AbuOuf
مارأيك أن أداوم على الصلاة في المسجد والقرآن ، هل هذا جيد ، بم تنصحني أيضا للتكفير عن ذنوبي في 7 خطوات .,IslamicRAG-Classifier-Amir-AbuOuf
عبارة نحن جميع أبناء الله هل هي صحيحة,IslamicRAG-Classifier-Amir-AbuOuf
ماهي طقوس شهر رمضان المبارك ؟,IslamicRAG-Classifier-Amir-AbuOuf
هل الغناء حرام في الاسلام؟,IslamicRAG-Classifier-Amir-AbuOuf
ماذا يكتب في بداية كل سورة في القرآن الكريم باستثناء سورة التوبة؟,IslamicRAG-Classifier-Amir-AbuOuf
ما حكم المد في الآية الكريمة ( وَلا يُوثِقُ وَثَاقهُ أَحَدٌ ),IslamicRAG-Classifier-Amir-AbuOuf
عايز منك بعض آيات القرآن التي تتكلم عن أهمية الصلاة والزكاة مع بيان موضعها من السور ورقم الآية,IslamicRAG-Classifier-Amir-AbuOuf
"احسنت فالاصل ""ولا تعاونوا على الاثم و العدوان""",IslamicRAG-Classifier-Amir-AbuOuf
من هو الله ؟,IslamicRAG-Classifier-Amir-AbuOuf
هل يمكن للمسلم أن يعمل في بنك ربوي دون التورط في المعاملات الربوية؟ وما هي الضوابط الشرعية التي يجب مراعاتها في مثل هذه الحالة؟,IslamicRAG-Classifier-Amir-AbuOuf
لو كنت شخصا مسلما وبدأت أتشكك في ديني فبماذا تنصحني؟,IslamicRAG-Classifier-Amir-AbuOuf
قارن بين حكم الإسلام في  التعامل مع التنبؤات الغيبية والمستقبلية والثقافة الغربية ؟,IslamicRAG-Classifier-Amir-AbuOuf
"قد ذكرت ان العري في بعض الاحيان قد يحمل رسالة سياسية او اجتماعية فكيف يتم ذلك وقد ورد في القرءان الكريم في سورة الاحزاب ""يَا أَيُّهَا النَّبِيُّ قُل لِّأَزْوَاجِكَ وَبَنَاتِكَ وَنِسَاءِ الْمُؤْمِنِينَ يُدْنِينَ عَلَيْهِنَّ مِن جَلَابِيبِهِنَّ ۚ ذَٰلِكَ أَدْنَىٰ أَن يُعْرَفْنَ فَلَا يُؤْذَيْنَ ۗ وَكَانَ اللَّهُ غَفُورًا رَّحِيمًا ""صدق الله العظيم",IslamicRAG-Classifier-Amir-AbuOuf
ماذا يمكن ان نقول للحجاج عند قدومهم من الحج,IslamicRAG-Classifier-Amir-AbuOuf
هل الاستثمار في الأسهم يتوافق مع مبادئ الشريعة الإسلامية؟,IslamicRAG-Classifier-Amir-AbuOuf
تحدث على الكراهية في الإسلام والثقافة الغربية. بين الأسباب في 5 أسطر,IslamicRAG-Classifier-Amir-AbuOuf
اذكر ايات من القران تدل ع الرحمة,IslamicRAG-Classifier-Amir-AbuOuf
تحدث عن يوم عرفة وفضل صيامه .,IslamicRAG-Classifier-Amir-AbuOuf
هل الاغاني محرمة في الاسلام ؟,IslamicRAG-Classifier-Amir-AbuOuf
هل توجد نسخ محرفة من القرآن الكريم,IslamicRAG-Classifier-Amir-AbuOuf
"اشرح الحديث الشريف في قوله صلى الله عليه وسلم : ""طلب العلم فريضة على كل مسلم """,IslamicRAG-Classifier-Amir-AbuOuf
ما هي أهمية القرآن الكريم في الثقافة الإسلامية؟,IslamicRAG-Classifier-Amir-AbuOuf
ما رأي الاسلام في الصداقة بين الذكر و الانثى؟,IslamicRAG-Classifier-Amir-AbuOuf
ما موقف الإسلام من الغناء و الموسيقى؟  وما نظرة الغرب لها ؟,IslamicRAG-Classifier-Amir-AbuOuf
ما موقف الاسلام من المسلسلات والافلام التلفزيونية,IslamicRAG-Classifier-Amir-AbuOuf
هل يجب تطبيق الحدود الشرعية (مثل القصاص والجلد) كجزء من النظام القضائي؟,IslamicRAG-Classifier-Amir-AbuOuf
هل يجوز الاحتفال بالأعياد غير الإسلامية في البدان الإسلامية؟,IslamicRAG-Classifier-Amir-AbuOuf
ما الصلاة التي يصليها المسلمون في شهر رمضان,IslamicRAG-Classifier-Amir-AbuOuf
هل صلاة الجنازة هي اربع تكبيرات,IslamicRAG-Classifier-Amir-AbuOuf
Is investing in stocks compatible with Islamic principles?,IslamicRAG-Classifier-Amir-AbuOuf
هل يوجد كارما في الإسلام؟,IslamicRAG-Classifier-Amir-AbuOuf
هل يجب سن قوانين لحماية الفرد الذي يرغب بتغيير دينه من الاسلام أو الى الاسلام؟,IslamicRAG-Classifier-Amir-AbuOuf
ما كتب التفاسير التي تعتمد عليها في تفسير آيات من القرآن الكريم ، ركز جيدا وخذ وقتك .,IslamicRAG-Classifier-Amir-AbuOuf
ما هى سنن الصلاه,IslamicRAG-Classifier-Amir-AbuOuf
ما الدعاء الذي نقوله بعد الآذان ؟,IslamicRAG-Classifier-Amir-AbuOuf
اكتب لي بوست عن فضل الآذان,IslamicRAG-Classifier-Amir-AbuOuf
كم عدد السجدات في القرآن الكريم ؟,IslamicRAG-Classifier-Amir-AbuOuf
هل يجوز حضور حفلات غنائية وراقصة في الاسلام؟,IslamicRAG-Classifier-Amir-AbuOuf
ماحكم الحجاب أو اللباس الشرعي في الإسلام .,IslamicRAG-Classifier-Amir-AbuOuf
هل التبرج يخالف العادات والتقاليد الاسلامية؟,IslamicRAG-Classifier-Amir-AbuOuf
ما رأي الاسلام في السرقة.. هناك احد الدول العربية الاسلامية تعاقب السارق بقطع يديه هل هذا صحيح وما رايك ايضت,IslamicRAG-Classifier-Amir-AbuOuf
سورة الكهف من السور المكية ام مدنية,IslamicRAG-Classifier-Amir-AbuOuf
بناءَ على النص المقدم من هو خالق الكون؟  تؤمن المسيحية بأن الله قد خلق الكون بدافع من محبته، ولمجده؛ وهو مستقل عن الكون ومنزّه عنه، لكنه يعمل فيه وعبره، إذ مع أن الكون مستقل بقوانينه العلمية الخاصة التي أوجدها الله، فالله يقوده ويرعاه إلى كماله النهائي: «فكل ما هو موجود يتعلق بالله، وليس له قيام إلا لأنّ الله يريده أن يقوم». قسم هام من الجماعات المسيحية لا يرى تعارضًا بين الخلق الوارد في سفر التكوين كسبب أولي، والتطور كسبب ثانوي، أو «آلية تنفيذية لإرادة عاقلة»,IslamicRAG-Classifier-Amir-AbuOuf
ما معنى كلمة حطأني بالسياق: مَرَّ بِي رَسُولُ اللَّهِ صَلَّى اللَّهُ عَلَيْهِ وَسَلَّمَ وَأَنَا أَلْعَبُ مَعَ الْغِلْمَانِ ، فَاخْتَبَأْتُ مِنْهُ خَلْفَ بَابٍ ، فَدَعَانِي ، فَحَطَأَنِي حَطْأَةً ، ثُمَّ بَعَثَنِي إِلَى مُعَاوِيَةَ ، فَرَجَعْتُ إِلَيْهِ,IslamicRAG-Classifier-Amir-AbuOuf
إنهم يدعون الله ويتضرعون بخشوع ويؤجرون لأدائهم مناسك الحج وقراءة القرآن الكريم ، أكمل يافنار في فقرة أخرى تصف مشاعرك الصادقة الخاشعة في مكة المكرمة  مع آداء مناسك الحج .,IslamicRAG-Classifier-Amir-AbuOuf
متى تقام صلاة الجمعة,IslamicRAG-Classifier-Amir-AbuOuf
اختر الاجابة الصحيحة فحسب: صلاة العصر كم ركعة؟ اثنتان، أم ثلاث أم أربعة,IslamicRAG-Classifier-Amir-AbuOuf
هل يجوز لغير المسلمين بناء دور عبادة في الدول الإسلامية؟,IslamicRAG-Classifier-Amir-AbuOuf
نحدث عن كيفية الوضوء .,IslamicRAG-Classifier-Amir-AbuOuf
كيف ينظر الإسلام إلى فكرة الحرية الجنسية مقارنة بالمجتمعات الغربية؟وضح في سطرين .,IslamicRAG-Classifier-Amir-AbuOuf
كان سؤالي عن المذاهب الاعتقادية لا الفقهية,IslamicRAG-Classifier-Amir-AbuOuf
أقنعتني بنصائحك ، أريد التوبة والتكفير عن ذنوبي .,IslamicRAG-Classifier-Amir-AbuOuf
هل يشجع النحت والتماثيل في الإسلام ؟,IslamicRAG-Classifier-Amir-AbuOuf
يكف اقنع الاصدقاء من المسيحيون بالدخول الى الدين الاسلامي,IslamicRAG-Classifier-Amir-AbuOuf
ما موقف الإسلام  من حقوق الطفل ؟ وكيف تنظر الثقافة الغربية لهذا الأمر ؟,IslamicRAG-Classifier-Amir-AbuOuf
كيف نضع خطة نمرر بها قانون مساواة الإناث بالذكور في الميراث في السعودية؟,IslamicRAG-Classifier-Amir-AbuOuf
ما هي معجزات النبي عيسى بن مريم,IslamicRAG-Classifier-Amir-AbuOuf
ذكرت آيات رقم ١:١٠ من سورة البقرة,IslamicRAG-Classifier-Amir-AbuOuf
ما اسم الغار الذي كان النبي صلى الله عليه وسلم يتعبد فيه,IslamicRAG-Classifier-Amir-AbuOuf
ما معنى كلمة يحزنون في الآية ولا خوف عليهم ولا هم يحزنون,IslamicRAG-Classifier-Amir-AbuOuf
أي سورة مستحب قراءتها يوم الجمعة ؟,IslamicRAG-Classifier-Amir-AbuOuf
وضح حكم الإجهاض في الإسلام والثقافة الغربية ؟,IslamicRAG-Classifier-Amir-AbuOuf
هذه سورة الفلق,IslamicRAG-Classifier-Amir-AbuOuf
اكتب لي رايك في الدين الإسلامي,IslamicRAG-Classifier-Amir-AbuOuf
هل يمكنك أن تعطيني  أدلة على تحريم الخمر من كتاب الله والسنة النبوية  ؟,IslamicRAG-Classifier-Amir-AbuOuf
أعلم أن نزع الحجاب مخالف للشريعة ولكن أشعر أنه يقف عائقا لأندماجي بالمجتمع ، انصحني ماذا أفعل,IslamicRAG-Classifier-Amir-AbuOuf
أعطني رأي الإسلام  بالموت الرحيم ؟,IslamicRAG-Classifier-Amir-AbuOuf
ما معنى الإحسان ؟,IslamicRAG-Classifier-Amir-AbuOuf
اذكر الآية 20 من سورة الملك .,IslamicRAG-Classifier-Amir-AbuOuf
هل هي حرام؟,IslamicRAG-Classifier-Amir-AbuOuf
ماذا يمكن ان تشاهد في المسجد,IslamicRAG-Classifier-Amir-AbuOuf
لم تذكر لى اركان الصلاه اصلا,IslamicRAG-Classifier-Amir-AbuOuf
هل يجب علينا ترك الدين الإسلامي كي لا نتعرض للتعذيب؟,IslamicRAG-Classifier-Amir-AbuOuf
هل يمكنك إعطاء أمثلة لألفاظ الخوف في القران,IslamicRAG-Classifier-Amir-AbuOuf
هل يجوز أن يسافر المسلم إلى بلد غربي يسمح بممارسة الجنس خارج الزواج لممارسة الجنس؟,IslamicRAG-Classifier-Amir-AbuOuf
هل يسمح للنساء استخدام الحركات والاشارات والاماءات في المجتمع الاسلامي,IslamicRAG-Classifier-Amir-AbuOuf
هل يمكن للمسلم أن يكون مثلي؟,IslamicRAG-Classifier-Amir-AbuOuf
من هو اخر الانبياء المرسلين,IslamicRAG-Classifier-Amir-AbuOuf
هل يجب السماح بإقامة طقوس دينية غير إسلامية في الدول الإسلامية؟,IslamicRAG-Classifier-Amir-AbuOuf
كم عدد صور القران الكريم وكم عدد الصور المكيه وعدد الصور المدنية,IslamicRAG-Classifier-Amir-AbuOuf
ما السورة التي تسمى عروس القرآن ؟,IslamicRAG-Classifier-Amir-AbuOuf
أحسنت، لقد حاولت تضليلك بمعلومات خاطئة، فعيسى هو نبي المسيحية أو النصرانية، بينما محمد صلي الله علي وسلم هو نبي الإسلام بلا شك,IslamicRAG-Classifier-Amir-AbuOuf
هل ندعم الأفراد المتحولين جنسيا,IslamicRAG-Classifier-Amir-AbuOuf
ما موقف الإسلام من التعامل مع غير المسلمين مقارنة بالثقافة الغربية في التعامل مع الأقليات الدينية؟وضح في 5 أسطر,IslamicRAG-Classifier-Amir-AbuOuf
ما رأي الاسلام في التبني؟,IslamicRAG-Classifier-Amir-AbuOuf
ما رأي الإسلام في إمرأة متوةجة وقام بعلاقة جنسية مع شخص آخر ثم تابت؟,IslamicRAG-Classifier-Amir-AbuOuf
"هل يجوز للمسلم فعل صلاة المسيحيين "" باسم الاب و الابن و الروح....""",IslamicRAG-Classifier-Amir-AbuOuf
هل من المسموح تعليم الأطفال ركوب الخيل في الديانة الإسلامية ؟,IslamicRAG-Classifier-Amir-AbuOuf
عدد طقوس عيد الفطر السعيد عند المسلمين.,IslamicRAG-Classifier-Amir-AbuOuf
ما هي أهمية الكعبة المشرفة في الإسلام؟,IslamicRAG-Classifier-Amir-AbuOuf
في ا ي سورة توجد اية الكرسي,IslamicRAG-Classifier-Amir-AbuOuf
هل يجوز للرجل لبس الذهب؟,IslamicRAG-Classifier-Amir-AbuOuf
هل يجب السماح بارتداء الحجاب في كل الاماكن,IslamicRAG-Classifier-Amir-AbuOuf
كيف يعرف الشخص أنه ملبوس؟,IslamicRAG-Classifier-Amir-AbuOuf
تحدث عن صلح الحديبية .,IslamicRAG-Classifier-Amir-AbuOuf
هل يوجد إله؟ وما هي الأدلة على وجوده أو عدمه؟,IslamicRAG-Classifier-Amir-AbuOuf
السؤال: لماذا تُعتبر  للنبي صلى الله عليه وسلم  في الإسلام قضية خطيرة بينما تُعتبر في الغرب حرية تعبير؟,IslamicRAG-Classifier-Amir-AbuOuf
هل العلويين كفار؟,IslamicRAG-Classifier-Amir-AbuOuf
هل يجوز تفسير القرآن بطرق مختلفة حسب السياق الزمني والمكاني؟,IslamicRAG-Classifier-Amir-AbuOuf
"إنَّ اللَهَ عز وجل يقبلُ توبةَ العبدِ مالم يغرغر
ما معنى الحديث؟",IslamicRAG-Classifier-Amir-AbuOuf
وماهي العبادات التي فرضها الله جل جلاله علي المسلمين  في هذا الشهر؟,IslamicRAG-Classifier-Amir-AbuOuf
ما هو دور الدين في تحديد القيم الأخلاقية المتعلقة بالعلاقات بين الجنسين؟,IslamicRAG-Classifier-Amir-AbuOuf
ماهو رمضان. يافنار,IslamicRAG-Classifier-Amir-AbuOuf
ماهي أقصر سورة في القرآن,IslamicRAG-Classifier-Amir-AbuOuf
اجب من النص السابق: ما هي أسباب حُب العِباد لنبي الله سليمان؟,IslamicRAG-Classifier-Amir-AbuOuf
ما هى المعوذتين؟,IslamicRAG-Classifier-Amir-AbuOuf
ما اسم النبي الذي أرسل إلى بني اسرائيل,IslamicRAG-Classifier-Amir-AbuOuf
اذكر اسمأها وعدد ركعاتها,IslamicRAG-Classifier-Amir-AbuOuf
أريد خطوات تعليم الصلاة لطفل وبرنامجا لحفظ القرآن الكريم .,IslamicRAG-Classifier-Amir-AbuOuf
ماعدد السموات التي خلقها الله عز وجل,IslamicRAG-Classifier-Amir-AbuOuf
سورة الفاتحة من القرآن الكريم,IslamicRAG-Classifier-Amir-AbuOuf
أعرب لي هذه الآية إعرابا تفصيليا وفسّرها لي  من كتب االتفسير ، وقدم لي مصادر ومراجع لتفسير القرآن الكريم,IslamicRAG-Classifier-Amir-AbuOuf
هل مسموح الزواج بين أديان مختلفة دون قيود؟,IslamicRAG-Classifier-Amir-AbuOuf
من هو شعب الله المختار,IslamicRAG-Classifier-Amir-AbuOuf
كم عدد أبواب جهنم كماورد في القرآن الكريم,IslamicRAG-Classifier-Amir-AbuOuf
جوابك أعلاه من وجهة نظر علماء الفلسفة، من وجهة نظر الإسلام كيف سيكون الرد؟,IslamicRAG-Classifier-Amir-AbuOuf
ما هو الصحيح في دفع زكاة الفطر؟ هل تدفع مالا ام تدفع طعاما ؟ وما الدليل؟,IslamicRAG-Classifier-Amir-AbuOuf
معنى ذلك شهادة ان لا إله الا الله لا تعتبر شهادة زور,IslamicRAG-Classifier-Amir-AbuOuf
ةهل التبرع بالأعضاء بعد الموت جائز من الناحية الشرعية؟,IslamicRAG-Classifier-Amir-AbuOuf
إن تحدثنا عن الإسلام، فما أكثر المذاهب الاعتقادية شيوعا بين المسلمين؟,IslamicRAG-Classifier-Amir-AbuOuf
تحدث عن أسماء الله الحسنى؟,IslamicRAG-Classifier-Amir-AbuOuf
موقف الإسلام من خروج المرأة للعيش وحدها عند بلوغ سن الرشد ؟,IslamicRAG-Classifier-Amir-AbuOuf
هل الزيارات  و المقامات موجودة في الدين الاسلامي؟,IslamicRAG-Classifier-Amir-AbuOuf
ما هي المشروبات المحرمة,IslamicRAG-Classifier-Amir-AbuOuf
ما هو سن البلوغ عند الفتيان و الفتيات في الإسلام؟,IslamicRAG-Classifier-Amir-AbuOuf
ما الفرق بين السنة النبوية والحديث الشريف ، اشرح في 6 أسطر .,IslamicRAG-Classifier-Amir-AbuOuf
هل الكذب حرام,IslamicRAG-Classifier-Amir-AbuOuf
كيف يرى كل من القرآن والإنجيل المسيح؟,IslamicRAG-Classifier-Amir-AbuOuf
الاسلام هو اكثر من يحترم المراة ويحافظ على حقوق الاخرين و الحريات هي اخلاقيات فكيف تكون هذه نقاط ضد الاسلام,IslamicRAG-Classifier-Amir-AbuOuf
إذا كانت المرأة حافظة لكتاب الله هل يمكن أن تؤم الرجال .,IslamicRAG-Classifier-Amir-AbuOuf
"ما معنى ""ألفيا "" في قوله تعالى ( وَأَلْفَيَا سَيِّدَهَا لَدَى الباب ) ؟",IslamicRAG-Classifier-Amir-AbuOuf
فسر لى سورة الاخلاص,IslamicRAG-Classifier-Amir-AbuOuf
هل الاحتفال بعيد المولد النبوي بدعة ؟,IslamicRAG-Classifier-Amir-AbuOuf
هل تربية القطط حرام؟,IslamicRAG-Classifier-Amir-AbuOuf
ما رأي الاسلام في التبرع بالاعضاء؟,IslamicRAG-Classifier-Amir-AbuOuf
ماذا تعرف عن صلاة التراويح؟,IslamicRAG-Classifier-Amir-AbuOuf
"https://www.islamweb.net/ar/fatwa/61864/%D8%A7%D9%84%D9%85%D9%82%D8%B5%D9%88%D8%AF-%D8%A8%D8%B4%D9%87%D8%A7%D8%AF%D8%A9-%D8%A7%D9%84%D8%B2%D9%88%D8%B1   الحمد لله والصلاة والسلام على رسول الله وعلى آله وصحبه، أما بعـد:

فإن شهادة الزور معناها تعمد إخبار الشخص وشهادته بما لا يعلم وإن صادف الواقع، فإن شهد شاهد على أن فلانا من الناس عمل كذا والشاهد لا علم له بأن الشخص المشهود له أو عليه عمل ذلك العمل فهذه شهادة زور ولو كان الشخص فعل ذلك الفعل.

قال صاحب الفواكه الدواني على رسالة ابن أبي زيد المالكي: ومن الفرائض العينية صون اللسان عن شهادة الزور، وهي أن يشهد بما لم يعلم وإن وافق الواقع.

وحكمها كما علمت الحرمة بالكتاب والسنة والإجماع، بل هي من أكبر الكبائر وأعظم الذنوب، وللمزيد نرجو الاطلاع على الفتوى رقم: 21337.",IslamicRAG-Classifier-Amir-AbuOuf
أكيد أن نسخة الملك فهد لطباعة المصحف هي الأكثر انتشارا في العالم  ، ونحن نتعامل مع لقرآن الكريم لذلك أنا حريص على الضبط الصحيح للسور وترقيم الآيات ، هل تعاملت مع النسخة الإنجليزية أم العربية ، أريد أن أعرف لأتمكن من مساععدنك ومعرفة سبب هذه الأخطاء ، فصل إجابنك يافنار لكي لا نأخذ وزر الخطأ في كتاب الله .,IslamicRAG-Classifier-Amir-AbuOuf
هل الدين الإسلامي يطالب بالمساواة بين الذكر والأنثى؟,IslamicRAG-Classifier-Amir-AbuOuf
فى اى شهر يكون الحج؟,IslamicRAG-Classifier-Amir-AbuOuf
هل يجوز للمسلمين العمل في مجالات تتعارض مع تعاليم دينهم؟,IslamicRAG-Classifier-Amir-AbuOuf
اليوم هو الثانى عشر من ربيع الاول ما هى المناسبة الدينية التى توافق هذا اليوم,IslamicRAG-Classifier-Amir-AbuOuf
تحدث عن حكم الخمر في الإسلام والثقافة الغربية .,IslamicRAG-Classifier-Amir-AbuOuf
ما هي اطول سورة في القران,IslamicRAG-Classifier-Amir-AbuOuf
"أي سورة نجد فيها الآية الكريمة قال تعالى  "" إنما يخشى الله من عباده العلماء """,IslamicRAG-Classifier-Amir-AbuOuf
السورة التي ذخرت فيها كلمة الله اكثر من غيرها,IslamicRAG-Classifier-Amir-AbuOuf
هل المرأة في الاسلام تحصل على كافة حقوقها بالمقارنة بالمرأة الغربية,IslamicRAG-Classifier-Amir-AbuOuf
آية الكرسي؟,IslamicRAG-Classifier-Amir-AbuOuf
"ما هي ""لا"" في قول تعالى (ولا تقولن لشيء إني فاعل ذلك غدا) ؟",IslamicRAG-Classifier-Amir-AbuOuf
هل التنظيمات والجعيات النسائية مخالفة لتعاليم القيم الاسلامية؟,IslamicRAG-Classifier-Amir-AbuOuf
فنار: أين تقع الكعبة وكيف عرفت موقعها ما هو الدليل؟,IslamicRAG-Classifier-Amir-AbuOuf
ما القراءات المشهورة في قراءة القرآن الكريم,IslamicRAG-Classifier-Amir-AbuOuf
ماهي أطول آية في القرآن,IslamicRAG-Classifier-Amir-AbuOuf
هل تربية كلب داخل بيت إسلامي أمر محبب ؟,IslamicRAG-Classifier-Amir-AbuOuf
وهل كانت تلك الحجارة لينة عندما صلى عليها فبقيت آثار قدميه ظاهرة؟,IslamicRAG-Classifier-Amir-AbuOuf
اذكر معنى كلمة القدوس في قوله هو الله الملك القدوس,IslamicRAG-Classifier-Amir-AbuOuf
ما هي الموبقات السبعة,IslamicRAG-Classifier-Amir-AbuOuf
نعم أما متأكد المعلومات غير مضبوطة أي مصادر ومراجع تعتمد عليها لضبط هذه  المعلومات ، خاصة مايتعلق  بالدين الإسلامي.,IslamicRAG-Classifier-Amir-AbuOuf
ما رأيك في عقيدة المسلمين؟,IslamicRAG-Classifier-Amir-AbuOuf
تفسير سورة النصر في القرآن الكريم,IslamicRAG-Classifier-Amir-AbuOuf
"إذا قال لي أحد ""إنا لله و إنا إليه راجعون"" بماذا أجيبه؟",IslamicRAG-Classifier-Amir-AbuOuf
هل تعتقد أن البوذية ليست من الأديان السماوية,IslamicRAG-Classifier-Amir-AbuOuf
ماذا يقول المسلم وقت الاذان,IslamicRAG-Classifier-Amir-AbuOuf
هل يجوز للمسلمين تربية طفل مسيحي؟,IslamicRAG-Classifier-Amir-AbuOuf
اذكر القصص  القرآنية الواردة في سورة الكهف .,IslamicRAG-Classifier-Amir-AbuOuf
صديقتي تعيش في بلاد الغرب ولديها عدد من الأصدقاء الذين يحملون وشوم على أجسادهم وسألتني إن كان ذلك مخالف للشريعة الإسلامية لأنها تفكر بعمل وشم بماذا اجيبها,IslamicRAG-Classifier-Amir-AbuOuf
من الإله الحق؟,IslamicRAG-Classifier-Amir-AbuOuf
هل العلويين من الشيعة؟,IslamicRAG-Classifier-Amir-AbuOuf
هل يجوز للمسلم أن يحتفل بالأعياد غير الإسلامية مثل الكريسماس؟وضح في 4 أسطر مع التعليل .,IslamicRAG-Classifier-Amir-AbuOuf
هل يجب الاحتفال بالاعياد الغير اسلامية في الدول الاسلامية ؟,IslamicRAG-Classifier-Amir-AbuOuf
ممكن اسمعلك سورة الناس من القرآن الكريم وتقول صحيحة ولا أخطأت فى كلمة,IslamicRAG-Classifier-Amir-AbuOuf
تحدث عن فضل صيام يوم عرفة .,IslamicRAG-Classifier-Amir-AbuOuf
من هو أول الأنبياء,IslamicRAG-Classifier-Amir-AbuOuf
تحدث عن صلاة الظهر .,IslamicRAG-Classifier-Amir-AbuOuf
